text,true,pred,confidence,correct
เอาจริงๆถ้ามันเปิดให้ใช้และถูกกฎหมายจริวคงกลัวจะเก็บภาษียังไงรึป่าว,neu,neg,0.748,False
สินออโต้เซอร์วิส อู่เชฟโรเลต อะไหล่เชฟโรเลต อู่ซาฟีร่า อะไหล่ซาฟีร่า ติดออยเกียร์ Cruze 1.8 ราคาเท่าไหร่ครับ ใช้ระยะเวลานานแค่ไหนคับ,neu,q,0.863,False
ตู้วหูวววว กะเพราเป็ดย่างงงง,neu,pos,0.725,False
มีแอลกอฮอลมั้ยคะ,q,neu,0.706,False
มันบ่แซบ,neu,neg,0.982,False
ไม่ๆ อยากินบาบีก้อนละอะ เห้อๆๆๆ,neu,neg,0.764,False
ก็เพิ่งรู้ว่ามีผ้าอนามัยแบบสอด😂,neu,neg,0.664,False
ต้องรออิอ้วน กลับมา เศร้า,neu,neg,0.726,False
มาชมเรวๆๆ,neu,pos,0.764,False
สิ้นเดือนเจอกัน,neu,pos,0.514,False
โดนผีสิงห์ .. ลุกมะไหวเบยยย #singha,neg,neu,0.5,False
จะเกมส์ได้ไง ผมเลิกแล้ว ไปๆๆ,neu,pos,0.833,False
อยากดู เทียน่า2011สีขาวพอจะมีไหมครับ,neu,q,0.642,False
นิโคติน มีผลต่อหลอกเลือดหัวใจ และ คาเฟอีน ก็ให้ผลเช่นเดียวกัน,neg,neu,0.876,False
ลีโอ..ต้องขอนแข่น.กับสิง.ถึงจะได้รสชาติ..ถ้าเป็นปทุมนี่ผมไม่กินเลยจืดมาก..,neu,neg,0.935,False
เป็นโปรโมชั่นเปิดสาขาใหม่นะคะ,pos,neu,0.968,False
ถ้าคนเจอที่กระทรวงกะลาโหม จะยึดอะไรคับ ?????,neu,neg,0.585,False
จดทะเบียนครับผม,pos,neu,0.702,False
มะกรุก สามตะกร้า ไปกัน,neu,pos,0.758,False
เทคนิคป้องกันแสงแดดที่ฟ้าจะแนะนำเพื่อนๆ คือ ก่อนออกจากบ้านทุกครั้งให้ทาครีมกันแดดก่อนออกบ้านอย่างน้อย 15 นาที และควรใช้ครีมกันแดดที่มีค่า spf50 ขึ้นไป เพราะจะมีประสิทธิภาพในการป้องกันแสงแดดได้ดีมาก ยิ่งอากาศประเทศไทยเราเป็นเมืองร้อน ทำให้ผิวคล้ำเสียง่ายและทำให้ใบหน้าเป็นฝ้ากระด้วยค่ะ ดังนั้นเราจึงควรดูแลผิวของเราให้สม่ำเสมอและเป็นประจำทุกวันค่ะ ฟ้าอยากได้ NIVEA Sun Instant Aura SPF 50 ไปลองใช้ค่ะ เพราะสรรพคุณเห็นว่าสามารถกันแดดด้วยค่า spf50+pa+++ ซึ่งกันแดดได้สูงมากๆ เนื้อครีมบางเบา เกลี่ยง่ายเรียบเนียน ไม่ตกร่อง ไม่ทำให้เป็นคราบ และผสมพิ้งค์ไพรมเมอร์ที่ช่วยปรับสีผิวให้สว่างขึ้น พร้อมสารที่บำรุงผิวให้ขาวกระจ่างใสอีกด้วย ซึ่งเชื่อว่ามันต้องดีกว่ากันแดดที่ใช้อยู่แน่ๆค่ะ,pos,neu,0.504,False
เบอร์8อิโดนิเชียเล่นดีจิงๆแต่ไทยก็ไม่คมถ้าเล่นแบบนี้ก็ยุแต่ในอาเชียนเถอะคับ คลองบอลก็น้อยกว่าเขา โค๊ชใหม่ก็ไม่เข้าใจเท่ากับโค๊ชคนไทยด้วยกัน บอลไทยกำลังกลับไปยุในยุกเดิม มืดมน ขอบคุณเบียร์ช้างที่สนับสนุน ผมอย่างเป็นทางการ,neu,neg,0.684,False
ว่าใคร,neu,pos,0.552,False
เฮ้อออ🙄🙄🙄🙄🙄,neu,neg,0.602,False
ได้ๆ ค่อยไปวันที่รร.ปิด,neu,pos,0.693,False
สาขาเซนทรัลพระรามสองเปิดยังค่ะ,neu,q,0.968,False
สมัยหนุ่มๆขับHonda city ไปไหนใกล้ไกล คล่องตัว ไม่ว่าการขับแบบทำความเร็ว ในการทำงาน และขับแบบสบายๆยามพักผ่อน ปัจจุบันใช้CRVใหม่7ที่นั่ง ชีวิตสะดวกสบายมากขึ้นทั้งการขนสัมภาระและการท่องเที่ยวกันทั้งครอบครัว,neu,pos,0.693,False
กลุ่ม cp. & เบียร์ช้าง กินรวบไปหมดแล้ว ที่เหลือ รอความตาย มีแต่ก้าง กระดูก ให้รุมแย่ง เนื้อๆหมดแล้ว,neu,neg,0.601,False
กินเบื่อแระ,neg,pos,0.371,False
ข้างตึกฟิศใหม่มีคอนโดของแสนสิริ คืออยากซื้อมาก เดิน 1 นาทีถึงที่ทำงาน เดิน 3 นาทีถึงบีทีเอสทองหล่อ ติดที่ไม่มีเงิน,pos,neg,0.708,False
ครับป๋า ต้องการแค่นี้จริงๆ ขอให้ยอมเปิดเหอะ,pos,neu,0.55,False
อย่าไปคิดมาก..... ฟอร์จูนเนอร์1.7ล. เบนซ์3-4ล. คนซื้อไม่เคยบ่นเลย,pos,neu,0.61,False
นาวาร่า..แข็งแกร่ง ดุดัน ดั่งขวานบิ่น,neg,pos,0.529,False
ผมมองๆX-Trail minorเหมือนกันครับ ถ้าได้ถุงลมเพิ่ม มันจะเป็นรถที่จบเลยกับประเภทนี้ การขับขี่ก็ดี เบาะหลังสบายสุดในคลาส,neu,pos,0.812,False
แม่หญิงใช้ อายไลเนอร์ มิสทีน รุ่น ซุปเปอร์แบล็ค ฟิคซ์อายไลเนอร์ ข้าอยากใช้เพราะ เส้นคม ดำสนิท ติดทนนาน ให้ดวงตาสวยเฉียบคมมีเสน่ห์ และมิสทีนของออเจ้า ไม่เคยทำให้ข้าผิดหวัง,neu,pos,0.898,False
ไม่รุ้นิ มีหลายน้ำเกิน กินไม่หมด5555,neu,neg,0.511,False
ใช้มา20กว่าปีCRVเท่าอายุลูกสาวคนโตไม่เปลี่ยนเพราะเศรษฐกิจตกสะเก็ด ขาดทุนทางการค้าใช้ดีตลอดไม่รวนให้เสียใจยังรักอยู่เหมือนเดิมอยากพาสามีไปดู #ฮอนด้าที่รัก #EnjoyHonda Thailand,neg,pos,0.765,False
ตอนนี้ รัฐกำลัง ช่วยโรงงานยสูบ คับ เลย จับให้หันมาสูบ ยา แบบเดิม ผม ก็ไม่กล้าพกไปไหน ไกล เหมือนเค้ากำลังเข้มเลย เวลาไปเที่ยว ริมทะเล ยังใงมันก็ แพ้สูบยาไฟฟ้า มันฟินกว่า เยอะ,neu,neg,0.51,False
ตกใจกับ MG ZS จริมๆ ยอมรับว่ามึงขายรถเก่งมาก,pos,neg,0.907,False
แอดมินค่ะ รบกวนสอบถามอีกทีนะคะ เนื้อเปื่อยนี้ทางสาขาที่ให้มาวันนี้น่าจะเป็นชุดใหญ่210นะคะ แต่ของเมื่อวานได้ชุดเล็ก110มาแล้วค่ะ แล้วอย่างนี้ น้อว พนง.จะโดนทางสาขาหักเงินไหมค่ะ เท่ากับว่าลูดค้าได้ส่วรเกินมาชุดเล็ก 1ชุด ค่ะ เห็นใจน้อง พนง.ค่ะ,neu,neg,0.906,False
รักกันจริงต้องผ่านความลำบากไปด้วยกัน #ช้างเติมเต็มคำว่าเพื่อน,pos,neu,0.864,False
"ถึงกับต้องเรียกน้องพนักงานถามว่า ""น้องว่า .. หมูบางไปมั้ยคะ"" 😐",neu,neg,0.94,False
จะหาครีมกันแดดเนื้อเหลว ๆ ไม่หนึบสำหรับเด็กของการ์นิเย่ที่ไทยได้ไหมนะ ชอบมาก,q,neg,0.907,False
บาร์บีคิวพลาซ่า แถลงภาพเนื้อผิดปกติไม่ใช่พยาธิ,neu,neg,0.662,False
ช้าง แก้วใหญ่ น้ำแข็งน้อย กินนี่ฮ่ะ555,pos,neu,0.718,False
เปิดอ็อพชั่น Suzuki Swift 2018 ทั้ง 4 รุ่นย่อย รุ่นไหนคุ้มกว่ากัน?,neu,q,0.896,False
กดไลค์ กดแชร์เพจแล้วค่ะ อยากได้ Garnier Pure Active Sensitive สำหรับผิว Sensitive ของ Garnier ค่ะ,pos,neu,0.516,False
พอมีติดบ้าน 😄,neu,pos,0.515,False
หาซื้อผ้าอนามัยลอรีเอะ ซูเปอร์ เจนเทิล พลัส ได้ที่ 7-Eleven ทุกสาขาได้เลยนะคะ :) http://www.lauriermybrand.com/2013/l-product/super_gen.html,pos,neu,0.99,False
คนแต่งงานแล้ว จะมีความสุขมากเวลาได้ออกมากินเหล้ากับเพื่อน จริงไหมอยากรู้? #100PIPERS #GiveFriends100%,pos,neu,0.634,False
วู้ววววว ^^,neu,pos,0.605,False
"จาก USA 🇺🇸 บอดี้ FB บ้านเรา เปิดกระโปรงโชว์หอย supercharge และค้ำหน้าบน สี่จุด Ultra Racing ข่าวดีคือ ค้ำไม่ติดซุป ข่าวร้ายคือติดซุปไม่ติดค้ำขับไม่มันส์... Cr. Horsepower Industries, LLC Ultra Racing USA - Chassis Tuning Specialist",neu,neg,0.886,False
เซตเนื้อ น่ากินไม่เคยลองเนื้อมังกรของพี่ก้อน แล้วอยากได้ของฟรีคือ เกี๊ยวซ่าพริกเกลือ เหมือนอันที่ใส่ผลไม้ป้ะครับ อยากลอง 😂🙏🏻,neu,pos,0.947,False
จังหวัดตรังครับ เพราะถ้าจะกิน MK เราต้องมีตรัง,pos,neu,0.65,False
No !!,neu,pos,0.541,False
เพชรบูรณ์มีไหมครับ,neu,q,0.805,False
จัดไปอย่าให้เสีย #ยกก๊วนชวนซด #ซุปหม่าล่า #HOTPOTBUFFET,neg,pos,0.612,False
ขอรายละเอียดยาริสคะ,neu,q,0.589,False
ที่นครศรีธรรมราชมีไหมค่ะ,neu,q,0.836,False
ดูๆๆๆ,neu,pos,0.734,False
ฝากทาง honda ช่วยเปลี่ยน กระจกเป็นทรงกลม ด้วยเถอะครับ ขอร้อง กระจกไม่เข้ากับรถเลย ผมจะซื้อแน่นอน,neu,neg,0.944,False
สวย ราคาเท่าไหร่คะ ทดลองขับได้ที่ไหนบ้างคะ,neu,q,0.785,False
ysl ไม่เคยลองอะ แต่เอสเต่พี่ใช่ตอนแบบ ไปงานตามรร อะ,q,neu,0.838,False
https://shopee.co.th/ekk663 กันแดด Biore ถูกสุด,pos,neu,0.581,False
อยากหนีหน้าร้อนไปอยู่ห้างค่ะ แอร์ฟรีไม่เสียตังด้วย 55 🤣 #ร้อนนี้ไม่มีเยิ้ม #kmacosmetics,neg,pos,0.919,False
พิธีบรมราชาภิเษก 4-6 พ.ค. เชื่อสิว่าบริษัทต้องประกาศวันหยุด แล้วถ้าเราลาเพิ่มวันที่ 2-3 เราก็จะได้หยุด 1-6 พ.ค. รวม 6 วันเลยนะเว้ยยยยยย,pos,neu,0.845,False
ตัวเองอันนี้หร่อยกว่า MK อีกน่ากินนนนน,neu,pos,0.979,False
ยุไหน,neu,pos,0.521,False
แถวมอ.~,pos,neu,0.86,False
มันไม่ใช่ไข่พยาธิ #แต่มันคือตัวอ่อนพยาธิเลย!!!!!!!! https://m.facebook.com/story.php?story_fbid=10154963647346455&id=51620386454,neg,neu,0.834,False
ป่ะๆๆกินกัน,neu,pos,0.948,False
ถูกกกกกก 5555,neu,pos,0.665,False
ไม่ชอบต้ม ชอบปิ้งย่างงง,neu,neg,0.866,False
ยังไม่เห็น,neu,neg,0.543,False
บุฟเฟ่บาบีก้อนกันหวา,neu,pos,0.903,False
เราก็ใช้ Mazda 3 ปีนี้เข้าปีที่4 ไม่เคยซ่อมเลย มีแต่เอาไปเช็คปีละครั้ง ซื้อที่ออสเตรเลีย,pos,neu,0.431,False
งดกินลีโอทั้งจังหวัดมันทำหลายแฟนบอลได้ แฟนบอลก้ทำหลายมึงได้,neu,neg,0.914,False
ส่วนผสมสำคัญจากธรรมชาติ(Active Ingredient)ของ Smooth E Acne clear Makeup Cleansing Water คือ 1.Mango Steen Extract สารสกัดธรรมชาติจากเปลือกมังคุด มีคุณสมบัติช่วยสลายต้นตอของการเกิดสิว ป้องกันและดูแลปัญหาสิว สิวอุดตัน 2.Centulla Asiatica Extractสารสกัดธรรมชาติจากใบบัวบก มีคุณสมบัติช่วยลดเลือนริ้วรอย รอยดำ รอยแดงจากสิว #สมูทอีคลีนซิ่งวอเตอร์,pos,neu,0.883,False
โฆษณาผ้าอนามัย เอ่อออด่าเค้ามัยอ่ะ มีปัญญาทได้อย่างเค้าป่ะ,neu,neg,0.652,False
นิสสัน. เอ็กเทลมีเปล่า,neu,q,0.526,False
มีข่าวดีคื ได้เบียร์ยูมา 2ลังฟรีๆ มีใครสนใจมาปารตี้มั้ย,neu,pos,0.528,False
แกใช้ครับ มิสทีน,pos,neu,0.967,False
รีโว่ปีไหนล่ะที่งวดล่ะ700ก่าว ไม่มีบัตรเครดิตทำได้ป้าว,neu,q,0.846,False
อยากแดก ใอ่สัส!! งงพ่องอ่า,pos,neg,0.652,False
รำคานคนแดกมาแล้ว,neu,neg,0.978,False
อะไรไม่รู้ รู้แต่ในฉากสไปดี้มีป้าเมย์ ลาบ และเบียร์ช้าง แสดงว่าหนีไม่พ้นยุค 2010 - 2020 แน่ๆ อิอิ,neg,neu,0.822,False
คู่แข่งเตรียมหนาว! หลุด 'Toyota Corolla 2018' เวอร์ชั่นญี่ปุ่น มีหน้าตาเหมือน Auris ที่เปิดตัวไปก่อนหน้านี้,pos,neu,0.945,False
พวกคนแก่ชอบขวางโลก,pos,neg,0.838,False
เด๋วค่อยเลือกละกันน,neu,pos,0.58,False
ไหนบอกลดน้ำหนัก🙄🙄,neu,neg,0.528,False
หมดโปรไม่ต้องรออิอิ,neu,neg,0.494,False
จัดไห้จ้ะ อาทิตย์นี้,neu,pos,0.77,False
อยากลองใช้ K+ ของลาโรชมากๆเลย ไม่รู้จะช่วยสิวอุดตันได้จริงมั้ย,q,pos,0.66,False
สอบถามหน่อย บัตร MK หมดอายุแล้วแจ้งพนักงานแล้วนะงานบอกว่ารอบริษัทติดต่อกับบัตรใหม่ยังไม่ได้แล้วปัดเก่ายังใช้ได้อยู่หรือเปล่าคะ,neu,q,0.884,False
ซ้ายตัวเก่าขวาตัวใหม่ ความคิดเห็นส่วนตัวนะคะ คนอื่นอาจใช้แล้วถูกก็ได้ มาเล่าให้ฟังเฉยๆปกติใช้ตัวไหนของSulwhasooไม่ไ…,neg,neu,0.816,False
ค้ะๆ😘,neu,pos,0.58,False
ปีละหน 😁 #SinghaPark #Canon #Canon5DMarkIII #5DMarkIII,pos,neu,0.941,False
นิสสัน เอ็กซ์เทรล ที่สุดแห่งรถ โปรดีอยากได้ ต้องติดตาม อย่าพลาดนะค่ะ,pos,neu,0.574,False
#คอเหล้าโปรดทราบ ตอนนี้ RED BLACK ตระกูล Jonny walker กำลังระบาด #แพทย์เตือนกินถึงตายครับ #ส่วนหนึ่งของเหล้าปลอม 200 ลัง มูลค่ากว่า 10 ล้านบาท พร้อมอุปกรณ์#การผลิต ที่ตำรวจจับได้ที่บ้านเช่าเลขที่ 46/7 หมู่ 6 ต.บางหลวง อ.เมือง ปทุมธานี C.r.กลุ่มใลน์แจ้งข่าวสารทั่วไทย ดูไว้ เหล้าที่ดื่มกัน มันจริงแค่ใหน!!!!! #เหล้าเถื่อน,neg,neu,0.532,False
แม่หญิงใช้อายไลน์เนอร์ มิสทีน รุ่น ซุปเปอร์ แบล็ค ฟิคซ์เจ้าค่ะ กรีดตาสวย คมบาดตาพี่หมื่น อยากสวยเหมือนแม่หญิง เบลล่า มาเลยจ้าร่วมเล่นกิจกรรมกันจ้า,neu,pos,0.547,False
ฝากระโปงหน้าวีออสปี05ไช้กี่เมตรคัฟ,neu,q,0.894,False
จะเลี้ยงหรอ,neu,pos,0.59,False
หมูที่บ้านเยอะเลย,neu,pos,0.584,False
เสริมทักษะ. ^^ ต้องรู้ผิดรู้ถูก. ตอนนึ้นานๆกินๆแฮ้ง ลำบากกาย..นานๆที่ สปายสามขวดพอดี ดื่มคนเดียว..หลับ. . ประมาท 25% รึเปล่า.,pos,neu,0.822,False
ขนาดไม่ค่อยแข็งแรงนะ ไปไหนมาไหนไม่ค่อยได้ยังรู้ไปหมดทุกอย่าง ไม่รู้ว่าท่านรู้ได้อย่างไรคนยากคนจนจะอดตายหมดแล้วน่ะ #พูดตามที่เค้ากรอกหูมามั้ง คนเราน่ะถ้าไม่ขี้เกียจซะอย่างอยู่กินอย่างพอเพียงทำไมจะอดตาย คนกรุงเทพฯ เห็นเดินตามห้างกินข้าวกินสุกี้ MK กินชาบูปิ้งย่างตามห้างทั้งหลาย ท่าทางก็ไม่ได้ดูว่าร่ำรวยมากมาย ซื้อของกินของใช้ทีนึงเยอะแยะเต็มรถเข็น เงินพอมีก็ไปซื้อหวยหวังรวยกับเลขชุด โอกาสถูกมีเท่าไหร่กัน คนถูกก็อวดลงข่าวตามหน้า นสพ. 18 ล้าน 30 ล้าน ซื้อเป็นชุดแบบนี้ไม่ใช่ราคาถูกๆ หวยกินไปเท่าไหร่แล้ว คนยากจนจริงๆ ก็มีไม่เถียงแต่ถ้ารู้จักประหยัดอดทนพอเพียงก็พออยู่ได้ ส่วนพวกที่บ่นว่ายากจนจะตายอยู่แล้วน่ะ ส่วนมากมันไม่จนจริงๆ กันทุกคนหรอก ขอว่าให้ข้าฯ ได้ด่า ด่า ด่า เพื่อความสะใจพวกท่านทั้งหลายก็พอ,neg,neu,0.549,False
เกิดไม่ทัน ไม่เข้าใจหรอก 55,neg,neu,0.591,False
อยากกินหรอ,neu,pos,0.923,False
ขนาดนี้ต้องกินแล้วละ555,neu,pos,0.742,False
โลตัสกำแพงเพชร ลดมั้ยค่ะ,neg,q,0.952,False
สาขาไหนบ้าง??,neu,q,0.483,False
สาขา พาสฟอม ลาดหญ้า ไม่ร่วมหรอจ้ะ,neu,q,0.9,False
พ่อเคยไปหาหมอโรคหัวใจ กลับมาเกือบตาย พี้สะใภ้เอายากลับไปที่รพ ได้คำตอบกลับมาแบบ ชิลๆ ว่า ขอโทษจ่ายยาผิด สาสสส ไม่บอกชื่อรพ นะ ไม่อยากโดนฟ้อง,neu,neg,0.543,False
6ชม.จะไปดื่มเหล้ารสชาติกลมกล่อมชั้นเยี่ยมBLEND285 จะไปดูวงดนตรีชั้นยอดของประเทศและผมก็จะสนุกไปในงาน BLENFESLIVEPROJECT,neu,pos,0.583,False
มี biotherm emulsion มั้ยค่ะ,neu,q,0.982,False
ผมขอขับวีโก้เก่าๆดีกว่าคับไม่อยากมีหนี้,neu,neg,0.494,False
พี่ฟลุคสู้ๆ,neu,pos,0.763,False
ผ้าอนามัย elis นี่คือที่สุด อยากเจอคนที่พัฒนาแถบกาว ติดแน่นแบบแกะทีเป้ากกน. กูจะขาด ต้องค่อยๆแงะออก นอนดิ้นให้ตายก็ไม่หลุดไม่ขยับ อยากให้แบ่งความรู้เทคโนโลยีกาวนี้ให้เจ้าอื่นบ้างค่ะ55555555 #ของดีบอกต่อ #ไว้รีวิวห้ามขายของโว้ยยย,pos,neg,0.977,False
กำลังอยากกิน เห็นรูปนี้จบเลย 5555,neu,pos,0.543,False
งั้นพรุ่งนี้เลิกงานไปรับมากินเลย,neu,pos,0.736,False
Dmaxดีกว่าช่วงล่างของrevo,neu,neg,0.636,False
เอมเค บิงซูสเวนเซน หมูเตะศรีชา,neu,neg,0.699,False
ผมกำลังจะเลิกบุหรี่เลยครับพี,neu,pos,0.689,False
น่าจะหยุดบังคับใช้กฎหมายไว้ก่อน,neg,neu,0.557,False
คงใกล้จบแล้วแน่ๆ,neg,neu,0.462,False
พี่ค่ะเฟอร์จูนเนอร์ราคาเท่าไรค่ะปีไม่ต้องใหม่มากก็ได้ค่ะ,neu,q,0.788,False
นานๆทีไม่เสียหาย555,neg,pos,0.879,False
มีแป้งลอร่าไม๊คะ,neu,q,0.819,False
ชุดสุดคุ้มวาไรตี้ ชุดสเปเชียลหมู ชุดสเปเชียลทะเล,pos,neu,0.877,False
แล้วโปรวันพ่ออะไรค่ะ,q,neu,0.771,False
ดีแมคออนิวดาวเท่าไหล่ครับ,neu,q,0.821,False
อิเชี้ยมึงเอ้ยยย มันเปิดแล้วว้อยยย,neu,neg,0.901,False
รอไปจัดที่บ้านเลย,neu,pos,0.692,False
มีของเชฟเทรลเบลเซอร์หรือเปล่าครับเทอิน,neu,q,0.828,False
ไปมาแล้วคร้าวันนี้เอง,neu,pos,0.884,False
🤣🤣🤣🤣,pos,neu,0.608,False
ป่านนี้กุยังไม่เจอ 4u2 ไม่อยากสั่งออนไลน์,neu,neg,0.99,False
เขย่าอย่างเดียวที่บ้านได้ใช่ป่าว,pos,neu,0.771,False
ไปอีกล่ะ555,neu,pos,0.917,False
กูจะเลิกกินสิงห์ทุกอย่างกระทิงแดงก็จะเลิก,neu,neg,0.975,False
ธนาธร - ยอดอัลบั้มสูง - ดิจิตอลกาก แม้ว - ยอดอัลบั้มไม่รู้ - แต่ดิจิตอลพุ่งกระชูด ลุง - ค่ายดันจนน่ารำคาญไอซั๊ซ อภิสิทธิ์ - นูกู? #เลือกตั้ง62,neu,neg,0.989,False
น้ำตบโทนี่โมลี่ดีไหมวะ55555555,q,neu,0.643,False
นิสสันนาวารา เอกลักษณ์เฉพาะตัวไม่เหมือนใครสนใจทดลองขับโชว์รูมใกล้บ้าน,neu,pos,0.558,False
กุนึกว่าขวดเบียร์ช้างสัส5555,neu,neg,0.941,False
Mu x. สีนี้ราคาเท่าไหร,neu,q,0.955,False
ไม่มีค่า,neu,neg,0.918,False
ผมและพรรคอนาคตใหม่โดนโจมตีและทำร้ายรอบด้านในเวลานี้จากพวกข่าวปลอมและหน่วยปฎิบัติการข่าวสารของฝ่ายตรงข้าม ผมเป็นคนอารมณ์ดีและมองโลกในแง่บวก เลยเอาฮากับมันดีกว่า ไปแก้ข่าวไปก็เสียเวลาและทรัพยากรเปล่าๆ อะไรปล่อยได้ก็ปล่อยไปครับ เราเดินหน้าของเราดีกว่า #อนาคตใหม่,neu,pos,0.394,False
ส่วนผมกำลังคิดว่า หากหน้ากระโปรงรถไม่มีโลโก้โตโยต้า ป่านนี้คงลำบาก,neu,neg,0.667,False
สายลมแห่งรัก ธรรมมะติดปีก ห่างกันสักพัก คือการหมดรักเนียน จัดเลยไหม,pos,neu,0.837,False
แต่ละเมนูน่าโดนมากๆๆๆ😋😋😋😋,neu,pos,0.928,False
วันเกิดกูกินไหมเดี๋ยวซื้อให้กิน,neu,pos,0.608,False
เห็นด้วย,neu,pos,0.798,False
ถ้าหลักการคือ ประมุขอยู่ภายใต้รัฐธรรมนูญและอำนาจสูงสุดเป็นของประชาชนจริง การจัดลำดับความสำคัญนี่จะไม่เป็นประเด็นเลยนะ ยังไงก็ต้องยึดเรื่องการเลือกตั้งเป็นหลัก #ประเทศสมมติ,neu,neg,0.521,False
มีใครจะซื้อยาริสมั้ย,neu,q,0.78,False
เป็นเหมือนรถสปอร์ตในราคาที่เอื้อมถึงได้สีรถทันสมัยสุดๆจ้า #ฮอนด้าที่รัก #EnjoyHondaThailand,neu,pos,0.691,False
อย่างต่ำสองพันนะรวมทุกอย่างแถมรุ่นถูกสุดด้วย,neg,pos,0.485,False
แล้วสั่งที่ไหนค่ะ,neu,q,0.819,False
สาขาเซ็นทรัลพระราม2ปิดทั้ง2ร้านเหรอคะ *ร้านที่ร่วมกับDaidomon,neu,q,0.943,False
ชุดตอกไข่ยังมีอยู่ไมคะ,pos,q,0.723,False
“การต่อสู้เรื่องสิ่งแวดล้อมคือสงคราม ถ้าคุณไม่ทำสงครามคุณสู้รัฐไม่ได้” พ่อไม้ สุรพันธ์ รุจิไชยวัฒน์ รองหัวหน้าพรรคสามัญชน #สามัญชน พรรคการเมืองที่มีนโยบายสิ่งแวดล้อมเฟี้ยวฟ้าวที่สุดในสามโลก ขอบคุณ #Pepperoni News,neu,pos,0.835,False
จัดเลยม๊ะ 🤤,neu,pos,0.768,False
จะกินคุ้มไหมน่ะ555,neu,pos,0.508,False
คือแบบจะร้องให้5555 เมื่อก่อนกลับบ้านทางพหลโยธินทุกวันแต่ว่าช่วงนี้เริ่มหมดงบนั่งรถไฟฟ้า เลยเปลี่ยนมานั่งรถตู้ แต่จะกลับไปนั่งรถไฟฟ้าทุกวันเพราะจะถ่ายกับป้ายน้องทุกวันเนย!!!!,neu,pos,0.464,False
ซีคอน ศรีนครินทร์หลังปรับปรุงร้านจะมีไหมคะ,neu,q,0.733,False
ราคา 185.- มาสคาร่าที่ออกแบบหัวแปรงมาพิเศษ 💛ช่วยให้ขนตาหนา 💛โดดเด่นสะดุดตา 💛เรียงเส้นสวย อีกทั้งยังกันน้ำสุดๆ _________,neu,pos,0.622,False
อยากกิน เมื่อไหร่จะมีรีฟิล,neu,pos,0.889,False
แท็กซี่ไม่ใช่toyotaเนอะ?..,neu,neg,0.621,False
555 หาร้านๆ,neu,pos,0.76,False
555555 เอ็นดูแต้ ป่ะ จัดเลย,neu,pos,0.891,False
คือถ้าเข้า เนเจอร์ ก้ต้องเข้าอินนิสฟรี ด้วย รักพี่เสียดายน้อง ไปอีก,neu,neg,0.652,False
ไปบ๋อ,neu,pos,0.882,False
นิสสันไทยน่าตามไปด้วย,neg,pos,0.572,False
เทออออออออออออออออออออออออออ,pos,neu,0.547,False
ไปจั่งได่ละเลิกงานกะปิดแล้ว,neg,neu,0.547,False
สนใจฟอจูนเนอร์ครับ,neu,pos,0.621,False
ชีวิตโดนทำร้าย,neu,neg,0.474,False
เดินไปกิน,neu,pos,0.545,False
วันอังคารหน้าไหมหยุด555,neu,pos,0.866,False
มีที่ไม่เผ็ดบ้างมั้ย แล้วตอบด้วยนะ...,neu,neg,0.56,False
ชีพี เบียร์ช้าง ไม่อุปการะเด็กๆเหมือนคิงพาวเวอร์เลย รวยซ่ะเปล่า,neu,neg,0.83,False
ควยที่3เป็นHeinekenครับ,neg,neu,0.897,False
ต้องโดน มะ 555,neu,pos,0.825,False
เบาๆเนาะเะ5555555กรุบกริบกินเล่น,neu,pos,0.736,False
งั้นๆแหละค่ะ,neg,neu,0.78,False
ตามครับ..เพราะใช้ Honda. อยู่..,neg,pos,0.514,False
โถ่,neu,pos,0.516,False
ใช่ๆ ประเสริฐ จาก Accord มาขับ BM เลย,neg,neu,0.819,False
สนใจยาริสครั,neu,pos,0.886,False
ข้าวสวย ค่ะ สั่งทุกครั้งเลยยยยย ไปกินบาบีก้อน ต้องกินกับข้าวค่ะ ถึงจะฟินสุดๆ,neu,pos,0.949,False
"ผิวบอบบางยิ่งต้องดูแลเป็นพิเศษ… ใหม่! กันแดดสูตรอ่อนโยน เนื้อน้ำนม บางเบา เพื่อผิวแพ้ง่าย ANESSA Essence UV Sunscreen Mild Milk SPF 35 PA+++ และ ANESSA Perfect UV Sunscreen Mild Milk SPF 50+ PA++++ ปกป้องได้ทั้งผิวหน้า และผิวกาย ปราศจากสารเติมแต่งทั้ง น้ำหอม แอลกอฮอล์ และพาราเบน เพื่อดูแลผิวบอบบางแพ้ง่ายโดยเฉพาะ หาซื้อได้แล้ววันนี้ที่ Watsons, Boots, EVEANDBOY, Tsuruha, Matsumoto และ Home Fresh Mart #ANESSA #ANESSABeautySuncare #Sunscreen #ANESSAThailand",pos,neu,0.926,False
มีผ้าอนามัยสำหรับคุนแม่ตอนคลอดเสดมัยค่ะ,neu,q,0.61,False
พวกไม่ชัดเจนกับไม่เหลือเนี่ย ส่วนมากชื่อพรรคก็จะเว่อๆหน่อย5555555555,neu,neg,0.809,False
จริงอันนี้เข้าตาสุดๆ อยากดั้ย,pos,neg,0.546,False
สนใจนะแต่ไม่มีเวลา😈😈😈😈😈,pos,neg,0.461,False
ก้อนดีใจด้วยนะฮ่าบบบ ^^,neu,pos,0.743,False
วีออส ปี 2003-2006 เท่าไหร่ครับ(ปี2548),neu,q,0.865,False
ดีนะชอบ volvo ยี่ห้ออื่นเลยไม่ค่อยอยู่ในสายตา วันหนึ่งเอารถไปคาร์แคร์ เจอ cla จอดต่อท้าย vios ดูเทียบกันแล้วขนาดเท่ากันเลย,pos,neg,0.394,False
บางทีญาตินี่ล่ะตัวดี! คนเป็นโรคประสาทจะส่งเข้ารพ.กลัวค่ารักษา แม่งถีบส่งเข้าวัดฝากภาระไว้กับพุทธศาสนาเข้าไปอีก,neu,neg,0.861,False
"ยอดขายรถยนต์กลุ่ม C-Segment ในเดือนกุมภาพันธ์ที่ผ่านมา Honda Civic นั้นยังคงครองอันดับ 1 ตั้งแต่เปิดตัว ด้วยยอดขายกว่า 2,000 คันทุกเดือน . ขณะที่ในกลุ่ม D-Segment นั้น Toyota Camry และ Honda Accord นั้นยังคงเป็นคู่ปรับตลอดกาล ซึ่งทั้งคู่ต่างก็มีรุ่น Hybrid ทำตลาดเช่นกัน โดยอันดับ 1 นั้นตกเป็นของ Honda Accord ตามาด้วย Toyota Camry และ Nissan Teana ตามลำดับ . ใครสนใจรถค่ายนี้อยู่ไปดูกันครับว่ามีรุ่นไหนเด็ดๆ อีกบ้าง",pos,neu,0.882,False
เลี้ยงสิคับ 😁😁😁,pos,neu,0.6,False
มาสด้า2 2018 สีแดงตัวท๊อปมายังคับ,neu,q,0.805,False
ท้ายมีกลิ่นอาย audi หน่อยๆ ถ้าอยู่ในแอคคอด mc นี่เยี่ยมเลย,neu,pos,0.531,False
คือรถคว่ำอะมีสติแค่ไหนก็คือสำลักน้ำอยู่ดี ขนาดแค่ก้มสระผมยังหายใจไม่ออกเลย,neu,neg,0.932,False
ไม่มีบัตรสมาชิก ต้องทำก่อน,neg,neu,0.719,False
เท่ห์จัง ทั้งรถ ทั้งพี่อ่ะค่ะ #ubeer,neu,pos,0.844,False
โปรนี้กับหม้อ4 ช่อง ไม่ทุกสาขานี่,neg,neu,0.655,False
ลูกชิ้นหมูชีส,pos,neu,0.693,False
ไม่เคยเห็นมันซื้อกิน .,neu,neg,0.682,False
หลังบ้านมีนะ,pos,neu,0.849,False
วันไหน ขับรถมารับกุที55,pos,neu,0.561,False
หีวววววว ข อ ง ห ว า น,pos,neu,0.896,False
เปลี่ยนจากคำว่ารักเป็นเบียร์ช้างลังนึงได้ป่าว,pos,neu,0.858,False
ใช้ทุกสูตรของกานิเย่แต่สูตรนี้ยังไม่ได้ลองขอให้ได้ขอให้โดนด้วยเถอะคะ อยากได้จริงๆ,neu,pos,0.799,False
ใช้บัตรของตัวเองใช้ของแฟนได้ป่าวครับ,neu,q,0.804,False
น่าลดเฟรนฟายด้วยส่วนใหญ่เด็กๆชอบ 😁,pos,neg,0.926,False
"งง เงิน50,000เปิดบันชีประจำ คือ?????",neu,neg,0.838,False
มาแล้วๆ,neu,pos,0.599,False
มีซุปดำด้วยยย,neu,pos,0.526,False
อยากกินบาร์บีกอนคัตสรรเซตหมู 🐽🐽🐽🐽🐽#BARBQPlaza 💕,neu,pos,0.945,False
รำ,neg,neu,0.732,False
นับวันยิ่งเพี้ยนเนอะ,neu,neg,0.596,False
รู้จักเครื่องสำอางแบรนด์แรกเลยคือ Lipstick Mistine ค่ะ เพราะเคยเรียนการตลาด อาจารย์ให้ขาย แคตตาล็อกมิสทีน ขายดี ขายง่ายมากค่ะ #LASHESactivity,neu,pos,0.576,False
accord.เครื่องดี.เบรคดี.เกาะถนนดี.ขับแล้วมั่นใจ.สบายใจหายห่วง.ใช่มาตั้งแต่รุ่นแรก.ตอนนี้รุ่นที่เท่าไรแล้วไม่รู้,neu,pos,0.93,False
เราน่าจะกินอันนี้คุ้มกว่า,neu,pos,0.76,False
กันชนหน้า ดีแม็ก 2018 มีแบบไหนบ้างคับ,neu,q,0.876,False
นิสสัน อัลเมร่า ขับจากยะลา ไป กทม. ตั้งหลายครั้งไม่เห็นจะปลิวเลย ปล.แฟนขับนะค่ะ,pos,neg,0.622,False
แสงโสมแค่ชื่อก็เมาแล้ว,neu,neg,0.548,False
หรือหมูจุ่มดี,neu,pos,0.81,False
มันหมดโปรวันที่ 29 อีควาย,neu,neg,0.951,False
ขับยาริสตัวเจยังเบ่งได้ขนาดนี้ 555,neu,neg,0.82,False
นี่ยังไม่รู้เลยว่าโลตัสมีไหนบ้าง 🤔,neu,neg,0.66,False
พึ่งบอกจะทำกานหยกๆงงมัก,neu,neg,0.707,False
คงจะเหนื่อยหน่อย ราคาขนาดนี้ มีตัวเลือก มากมาย และรถแบบเดียวกัน คงจะเดินรอยตาม นิสสัน Juke,neg,neu,0.616,False
/Cetaphil Oily Skin Cleanser/Acne-Aid liquid cleanser ตอนนี้มีสามตัวนี้ละ ต้องซื้อยี่ห้อไหนอีกมะ 555,neu,q,0.984,False
Dongfeng-Nissan ค่ายรถร่วมทุนในจีน..โชว์รถ SUV แนวคิดสุดหรู ดีไซน์ไม่แพ้ค่ายรถยุโรป!!,pos,neu,0.894,False
หิวเบยพี่โม,neu,pos,0.747,False
แคมรี่เก่าคับ,neg,neu,0.79,False
กินดีกว่า285...นุ่มกว่าและไม่เมาค้าง,neg,pos,0.733,False
ได้เวลากินแมค,neu,pos,0.755,False
คล้าวก่อนยังอ้วกยุ,neu,neg,0.486,False
ถามเงินกูก่อนไหม สุด!,neu,neg,0.656,False
ม่ายยล่ายเลยคับ ควรไปนอน,neg,pos,0.349,False
สรุปว่าตำรวจเจอ e cig ที่ไหนก้อจับได้เหรอคับ,neu,neg,0.781,False
เราไม่เคยโทษดาราเวลาใช้อยากโง่ไม่ศึกษาให้ดีต่อให้โครตดาราก้โดนหลอกได้.ชิ้นงานระดับนี้ลองเทียบกับพวกที้โฆษนาในโทรทัศดูสิมันคนละเกดกันเราไม่เคยศัทธาครีมที่ขายตามออนไลทั้งหลาย..ถ้ามันดีจริง. พอนด์เอย กานิเย่เอย ลอบิอัลเอย ทำไมเค้าไม่ทำออกมาขาย. ครีมเมือกหอยทากอะไีๆอีกหลายอย่างบริษัทครีมที่มีระดับเค้าไม่ทำกัน,neu,neg,0.845,False
ซื้อสิค่ะ5555,neu,pos,0.611,False
ชวนมากินแสงโสมด้วยดิปอ 5555,neu,pos,0.619,False
เพลงประกอบโฆษณาผ้าอนามัย 🙄,neu,neg,0.758,False
ยังไม่พอ บวมอีก 🤣🤣,neu,neg,0.512,False
จริงงง,neu,pos,0.516,False
เลือก C-HR สีแดงค่ะ สวย เด่น ร้อนแรง น่าค้นหา,neu,pos,0.87,False
สาเหตุที่รถ MG ราคาถูกก็เพราะว่าเขาเอากำไรน้อยไงล่ะ 555,neu,neg,0.431,False
ถ้าลดได้จะพาไปกินบาบีก้อน ผ่ามมมมม,neu,pos,0.731,False
จัดแปะ,neu,pos,0.798,False
พรุ่งนี้ก็วันปีใหม่หลายๆคนคงจะแฮปปี้ ยิ้มร่าเริงเพราะได้หยุดยาว พักผ่อนชารต์พลังกาย และพลังใจให้เต็มที่เตรียมพร้อมสำหรับปีหน้า แต่ปีใหม่ทั้งทีให้นอนอย่างเดียวก็คงไม่ไหว วันนี้ #โรงพยาบาลกรุงเทพจันทบุรี ขอเสนอ 5 สิ่งที่ควรทำในวันปีใหม่ จะตรงใจใครกันบ้างตามไปดูกันเลย,pos,neu,0.784,False
สุดเลยยย,pos,neu,0.497,False
ไม่รู้ว่ะ,neu,pos,0.619,False
ไปเดะๆมีเหล้าแบล็ค,neu,pos,0.882,False
PR ไม่ชัดเจนนะครับ สื่อที่ตั้งที่ร้านก็น่าจะขยายตัวโตๆให้เห็นคำว่า**เฉพาะจันทร์-ศุกร์** ให้ชัดเจน เข้าใจว่าอาจเป็นการตลาด แต่ก็ควรจะใจเขาใจเราบ้างนะครับ,neu,neg,0.799,False
MGB MKI ตอนแรกคิดว่า จะทำโช๊คเดิมให้สมบูรณ์ แต่ ด้วย ยุคสมัยเปลี่ยนไป และ สภาพถนนประเทศไทย ไม่เอื้ออำนวย จนทนไม่ไหวจึงต้อง จัดชุดเสริม เพื่อใส่โช๊คแบบรถรุ่นปีใหม่ ให้ขับบนถนนได้อย่างเต็มประสิทธิภาพของเครื่องยนต์ 1800ซีซี #telescopicos #shockabsorber #mgb #mgc,neg,neu,0.509,False
กินประจำช้าง เมาอยู่นะ,pos,neu,0.83,False
คนที่ดูบุหรี่ไฟฟ้า ส่วนใหญ่เค้าพยามเลิกบุหรี่มวล พยามเลิกสิ่งเสพติด,pos,neu,0.554,False
เบียร์ช้างขวดละ120แดกชาตินี้เมายันชาติหน้าเลยมั้ง,neu,neg,0.947,False
มาสาย4ดีกว่า,neu,pos,0.458,False
เทคนิคการป้องกันผิวรับซัมเมอร์ ก็ต้องทาครีมกันแดดสิค่ะออเจ้า เหตุผลที่อยากได้ Kiehl's Daily UV Defense เพราะเป็นทั้งกันแดดกันแก่ซึมไวไม่ทิ้งคราบ,neu,pos,0.643,False
รุ่งฤดี แปงนุจาฟิวเจอร์พาร์คมีนะ🤪,pos,neu,0.889,False
ลุ้นให้พี่ก้อน ลดราคาสู้กระแส.... รอกินจ้ะ หมอยืนยันแล้วว่า พยาธิถ้าสุกกินได้ เราสู้!!,neu,pos,0.557,False
ไปๆๆ ต้องกินช้างจากห้องไปกันก่อนจัก2ลัง ย่านเบียร์แพง กุย่านกุบ่เมา 😅😅,neu,neg,0.454,False
ช้างสนับสนุนเดอะช็อก .. ใครกินลีโอ สิงห์ ถือว่านอกใจ,neu,neg,0.938,False
งานนี้ต้องจัด,neu,pos,0.619,False
เค้าดูดบุหรี่ไฟฟ้า,neu,pos,0.574,False
L'Oréal Paris ได้เลยค่ะ พอดีใช้เดย์ครีมอยู่ค่ะ ไม่ต้องใช้รองพื้นหรือBBแล้ว เดย์ครีมเอาอยู่ค่ะ ชอบมาก เลยหาซื้อไนซ์ครีม และมาร์คมาเพิ่มค่ะ,neg,pos,0.962,False
แสดงสด มหาหิงค์ งานลีโอเบียร์ concert มันส์ๆเบสหนักๆ,neg,neu,0.872,False
ขอบคุณค่ะแต่ก่อนอยู่กรุงเทพใช่อย่างแพงแต่เดี่ยวนี้5ปีแล้วเลยใช่แค่นี้พอ5555,neu,neg,0.819,False
ตอนอยู่ญี่ปุ่น เวลาไฟฟ้าดับใช้วิทยุใช้ถ่าน. รัฐบาลแนะนำ,neu,neg,0.714,False
มาเลี้ยงด้วยตอนกลับ,pos,neu,0.614,False
นิสสันมาร์ชดาว2900ส่งงวดละเท่าไหร่ค่ะ,neu,q,0.898,False
เข้าไทยเมื่อไหร่ครับ,neu,q,0.952,False
วันพุธได้มะ5555,neu,pos,0.567,False
กุหิว,neu,pos,0.524,False
ช่วงที่1| มาดูคุณธนาธรแก้ปัญหาฝุ่น PM 2.5 แบบเฉียบๆ #เปิดใจกับป๊อกกี้ #ไทยรัฐเลือกตั้ง62 #TheRapper2 #ไทยรัฐดีเบต,pos,neu,0.932,False
เพื่อนพร้อมใจก้อพร้อมดิ 55,pos,neu,0.532,False
อ้วนจ๋า,pos,neu,0.575,False
เอา ดีแม็ก1.9คันนึง,pos,neu,0.813,False
พี่สาวเป็นมะเร็งเต้านมระยะ2-3 รักษาอย่างไรดีครับ,neu,q,0.815,False
เขาไม่ได้มูฟออนจากเราได้เร็วหรอก แต่เขาไม่ได้เดินไปกับเราตั้งแต่แรกต่างหาก,neg,neu,0.508,False
อยากให้เสียภาษีถูกต้องและจำกัดอายุ,pos,neg,0.884,False
ฮอนด้าบรีโอ้มีไหมค่ะ,neu,q,0.652,False
นิสสัน นาวารา ใหม่! คือเทคโนโลยีที่เปลี่ยนให้ทุกปัญหากลายเป็นเรื่องง่าย,pos,neu,0.814,False
เอ้อ ทำใจยากจังจะโทรสั่งก็ไม่ได้ฟิว 5555,neu,neg,0.855,False
Fc. นาวาร่า,pos,neu,0.913,False
เอาบาบีก้อนก่อนนนน,neu,pos,0.838,False
คงฮาแบบดาร์คๆถ้าบาร์บีก้อนแถลงแจกยาถ่ายพยาธิ,neg,neu,0.699,False
ทำไมไม่มีเสาร์-อาทิตย์ค่ะ,neg,q,0.909,False
หิวเด้อ,neu,pos,0.824,False
ดูก่อน,neu,pos,0.616,False
หวาน ขมคอ,neu,neg,0.939,False
เลิกได้จิง กลับไปสูบบุหรี่มวนไม่ได้แถบอ้วกเลย,pos,neg,0.929,False
MK ยิ้มกริ่มเลย พรุ่งนี้หมี่หยกเต็มร้าน หิวจัด ไม่ต้องเสียค่าโฆษณายุ่งยาก เป็นไวรัล ติดเทรนเรียบร้อย เพราะเรื่องวิธีการกินล้วนๆ 5555 😁😅,neu,pos,0.861,False
เพื่อไทยหนองคาย และอนาคตใหม่ภาคใต้ งานนี้เผด็จการมีหนาวค่ะ,pos,neu,0.492,False
ออนิวดีแม็คปี12เครื่อง3.0เปลี่ยนครัชเท่าไหร่ครับ แบบนิ่มๆอ่ะครับ,neu,q,0.76,False
แพทไปรายการไหนก็จะเอาDr.jillมา,neg,neu,0.922,False
ของหวานยังไม่หมดเลน,neu,pos,0.5,False
งื้ออออ😍😂.,neu,pos,0.666,False
เทียน่าหรือซิลฟี่คับ,q,neu,0.819,False
กินไปเรื่อยๆจะอ้วก,neg,pos,0.512,False
คำแพง ไมค์ ภัทรเดช พลังเสียงบ้านนี่สุดยอด👏🏻👏🏻👏🏻 งาน isuzu d-max blue power family day ที่อีซูซุ แพร่#mike_pattaradet #mike_pattaradet_fanclub #bemylovemike #isuzu,neg,neu,0.777,False
Want,pos,neu,0.791,False
ต้องมานอนนี่ดิ,pos,neu,0.519,False
สังคมไทยมีค่านิยมเรื่องการประสบความสำเร็จในชีวิต คือการเป็นคนรวยใจดี สิ่งนี้เป็นสาเหตุของกับความเหลื่อมล้ำ อย่างไร หากใช่ควรทำอย่างไร ลับสมองกันได้ที่มติชนรายสัปดาห์เล่มล่าสุดโดย kamphaka เขียนไว้ดีมาก,pos,neu,0.594,False
น้องเนย ไงกินอีกไหม555555555,neu,pos,0.543,False
ถุย55,neu,neg,0.86,False
ดีค่ะ กานิเย่อยากได้อยากขาว,neu,pos,0.937,False
"บางคนแค่ขึ้นชื่อว่านิสสันก็อี๋แล้ว แต่เอาจริงๆมันสวยกว่าmu-x,trailblazer พอๆกับ everest แต่ไม่หวือหวาเท่า pajero sport กับ fortuner ยังไงดีละ ถ้าราคามันได้ ออฟชั่นมันโดน มันก็น่าจะขายได้ แค่ขอให้ศึกษาชาวบ้านเขาว่าเขาไปถึงไหนแล้ว เขาให้อะไรมาบ้าง อย่าให้น้อยหน้าเขามันก็น่าจะขายได้แหละ",neu,neg,0.577,False
เครถ้าไม่กล้บบ้านน๋า,pos,neu,0.519,False
ชิ้นส่วนนี้คือรถ TOYOTA C-HR,pos,neu,0.942,False
น้ำหอม dior เท่าไหร่ค่ะ,neu,q,0.984,False
ใช้กับ camry hybrid ปี12ได้มั่ยครับ,neu,q,0.929,False
อย่าไปฟังเยอะครับผมก็ใช้ เรนเจอร์ Wildtrak อยู่ ไม่กังวลเรื่องเกียร์ เท่าไหร่ Ranger Raptor เกียร์อัตโนมัติแบบใหม่ 10 Speed ใช้อยู่กับ Ford f 150 Raptor กับ Ford Mustang เครื่องยนต์ก็ทนอุณหภูมิได้สูงสุด 860 องศาเหนือกว่ากระบะใดๆในบ้านเรา,neg,pos,0.662,False
มาเลย,neu,pos,0.587,False
รอๆๆๆๆ,neu,pos,0.783,False
มาค้าบ,neu,pos,0.56,False
คุ้มตรงไหนวะบะหมี่จานเปน100,neu,neg,0.958,False
#innisfree super volcanic pore clay mask น้องคนนี้ช่วยกระชับรูขุมขน ทำความสะอาดสิ่งสกปรกจากรูขุมขน แถมลดความมันบนใบหน้าได้ด้วยน้า 🌿💚 #howtoperfect #ชี้เป้าโปรถูก #ถูกและดี #ripไอดอ #ถูกบอกต่อ #ของมันต้องMe #พื้นที่โปร #ไว้ขายของห้ามรีวิวโว้ย #ไว้ขายของห้ามรีวิวโว้ยย,pos,neu,0.328,False
บุหรี่ไฟฟ้าผิดหรือ,neu,neg,0.869,False
อ่านสรุปได้ว่า... ยืนยันเบื้องต้นว่าไม่ใช่พยาธิ แต่จะเป็นอะไรนั้น ตอนนี้ส่ง lab ตรวจสอบอยู่ และจะได้ผลภายใน 7 วัน... #บาบีก้อน #บาร์บีคิวพลาซ่า,neg,neu,0.553,False
กันน้ำกันเหงื่อ ไม่มีแอลกอฮอลล์ \ #สวยกล้าท้าทุกแสง #คู่หูท้าแดด #kmacosmetics,pos,neu,0.613,False
เค,neu,pos,0.545,False
งานเลิกกี่โมงคะ,neu,q,0.539,False
ดูดกัญชาดีกว่า,neu,pos,0.739,False
อยากกินซูชิ,neu,pos,0.618,False
เนาะๆๆๆๆ 😍,neu,pos,0.551,False
อ้อนหน่อยย,neu,pos,0.515,False
ใครเลี้ยง,neu,pos,0.615,False
สมัครบัตรสมาชิกเท่าไหร่คะ บัตรแต่ละสีต่างกันอย่างไรคะ (ถ้าสมัครบัตรในเดือนเกิด ใช้สิทธิ์ได้เลยไหมคะ),neu,q,0.926,False
เลยปะล่ะ,neu,pos,0.666,False
ลาจากเบียร์ช้าง มาโซยลีโอ,pos,neg,0.497,False
เลี้ยงหน่อย 😆,neu,pos,0.627,False
ไปแหละหิวพอดี,neu,pos,0.899,False
ล่าสุดร้อง กินอะไร กินอะไรไปกิน mk แม่งงง 555555555,neu,neg,0.641,False
ป่าวๆ แคมรี่มีโปรล่อ แอคขอดเลยขายไม่ออก อ่านยัง,neu,neg,0.688,False
แถวบ้านผมร่อยกว่าเยอะครับ😆,neg,pos,0.795,False
ลดแต่จันถึงสุกอีก,neu,neg,0.487,False
ลดความอ้วนไว้ก่อน ราคาHot pot กำลังลด,pos,neu,0.661,False
เอ้า เหมือนจะไม่รอด,neu,neg,0.88,False
และบางวันที่รู้สึกถึงผิวโทรม ดูอ่อนล้า แห้งเสียเป็นพิเศษให้สลับมาตบเบาๆ ด้วย Hada Labo Premium Lotion นะคะ :),neg,neu,0.741,False
พามาเลี้ยง วันเกิดแม่,pos,neu,0.776,False
เฮียครับแฟนผมหัดถอยหลังเข้าซองบ่อยจะไปทำใบขับขี่พวงมาลัยหนักแจ๊สGKครับ,neg,neu,0.813,False
มือใหม่ขอถามหน่อยครับ5หมื่นโลเลิกเข้าศูนย์แล้วมีผลอย่างไรบ้างครับ TOYOTA Revo เข้าบีควิกหรือร้านข้างนอกได้ไหมคับ,neu,q,0.975,False
ยะลา,pos,neu,0.452,False
ไปนั่งเป็นเพื่อนหน่อยดิ๊ 55,pos,neu,0.641,False
อย่าร้องผิดเด้อ55 เห็นไฮเนเก้นหลายขวดอยู่นะ,pos,neu,0.877,False
อ่อคับๆ จะได้ลองกินมั่ง,neu,pos,0.756,False
วันนี้ที่ได้สีไม่ใช่แบบนี้อ่ะก้อน,neg,neu,0.445,False
ชวนเพื่อนปะ,neu,pos,0.73,False
บ่ดอก คือบ่หลายกลมยุ,neg,neu,0.614,False
เนื่องในวันครู ขอบคุณครูทุกคนที่สอนให้เราคูล เชิญ Tag เพื่อนทุกคนที่สอนให้คุณรู้จักปาร์ตี้ #SangSom #RedefineFullMoon,pos,neu,0.689,False
สินค้าควบคุมเห็นด้วยอย่างแรง....,neu,neg,0.657,False
โฮลิกาๆกับคิ้วเพลสมายเมโลดี้อะไรจะดีกว่ากันวะ,q,neu,0.438,False
มีปล่อยอิสระบ้าง แต่ส่วนมากไม่ถึงชั่วโมง เป็นเวลากินข้าว หรือไม่ก็ให้นั่งให้ยืนโง่ๆ การบรีฟงานก็ห่วย ไม่ต้องบรีฟก็ได้ ถึงเวลาจริงการบรีฟไม่ช่วยอะไรเลย บอกมีปัญหาให้ติดต่อสตาฟบางคน ถึงเวลาจริงติดต่อไม่ได้ ถ้ารับมือไม่ได้ก็โดนด่าทั้งลูกค้าทั้งจากบริษัทเอง,neu,neg,0.982,False
จริงหิวววว,neu,pos,0.862,False
วันอื่นไป,neu,pos,0.867,False
ก่อนเปิดเทอมแดกเอมเคกันมั้ย น่ากินนนนอ้า,neu,pos,0.966,False
ว่ามาคะ,neu,pos,0.644,False
สวัสดีครับ คุณมีน ไม่ทราบว่าคุณมีนเข้าใช้บริการที่สาขาใดครับ ที่พบปัญในเรื่องของเครื่องดื่มรสชาติจืด ก้อนจะได้แจ้งฝ่ายที่เกี่ยวข้องให้ทำการปรับปรุง แก้ไขให้ดียิ่งขึ้นต่อไปครับ,neg,neu,0.814,False
คุณอาร์โนด์ เบียเลคกิ ประธานบริหาร โซเด็กซ์โซ่ ประเทศไทย เป็นตัวแทนบริษัท มอบเช็คสินไหมกรณีเสียชีวิตของนายกฤษดา สำราญ (นักโภชนากรประจำที่สาขาโรงพยาบาลสมิติเวชศรีนครินทร์) จำนวนหนึ่งแสนบาท ให้แก่ครอบครัวตามที่ได้ระบุผู้รับผลประโยชน์ไว้ บริษัทขอแสดงความเสียใจมา ณ โอกาสนี้ด้วยค่ะ,neg,neu,0.98,False
โอ๊ยยยอยากกินแสงโสม,neu,pos,0.918,False
อ่างทอง,neu,pos,0.557,False
ไม่ต้องล้าว 299 ตลอดงานนนนน,pos,neu,0.762,False
แหม่ ใช้หน่อยเถอะคุณณ,pos,neu,0.682,False
ใช่ๆกินแค่นี้พอ55555,neu,pos,0.532,False
แถวรามคำแหงและศรีนครินทร์มีสาขาไหนร่วมรายการบ้างคะ,pos,q,0.901,False
หลังจากกินไปได้ซักพัก,neu,pos,0.415,False
อ่านย่อหน้าสุดท้าย คือจบเลย รถดีๆอย่างNissan ทำไมการตลาดต้องแย่กว่าเพื่อน รอNew SylphyกับTeanaอย่างจริงจัง ไม่รู้อนาคตในไทยจะเป็นยังไงกับรถC-D Segment ของNissan,neu,neg,0.979,False
กินทุกอย่างไม่ได้,neu,neg,0.683,False
อด😭😭😭,neg,neu,0.528,False
รอเงินออกนะค่ะสามี,neu,pos,0.531,False
ไม่รู้ว่ะรู้แต่กินอะไรไม่อร่อย..แดร่กสปาย4ขวดเมานอนนับดาว,neu,neg,0.989,False
มันพกพาใส่กระเป๋าง่ายดีเวลาไปเที่ยว ต.จ.ว น่ะจร้า,neu,pos,0.619,False
กุเคยเดินขึ้นคอนโดชั้น 9 เพราะว่าไม่อยากรอลิฟท์ อต่พอถึงชั้นสามก็เหนื่อยเลยกดลิฟท์ ลิฟท์อยู่ชั้น 4 เลย เออเดินขึ้นไปอีกชั้นก็ได้ จะได้ถึงลิฟท์ พอเดินขึ้นไปลิฟท์ลงมาชั้นสามกุเลยเดินลงลิฟท์มาชั้นสาม พอมาถึงชั้นสาม ลืมว่าจะทำอะไร กุเลยเดินลงคอนโด แล้วก็ไปหาวินที่คอนโดวิน '__';,neu,neg,0.7,False
อุ้ย ก้อนเขินน้า ><',neu,pos,0.652,False
ตักบาตรอย่าถามสามี5555,pos,neu,0.804,False
เอาว่าไฮเนเก้นแพ๊คคู่118บาท ตอนนี้ขึ้นเป็น138บาท ที่เซเว่นนะ,neg,neu,0.826,False
หมดวันไหน,q,pos,0.542,False
บอกซ้า,neu,pos,0.67,False
ยาริสใหม่กะโน๊ตตัวไหนน่าเล่นกว่ากันคับ,neu,q,0.96,False
ขอให้ปีนี้ได้เสพบรรยากาศดีๆอีกครั้ง #Sangsom #GypsyCarnival2018,pos,neu,0.519,False
ปีนี้ปีทองของเขาจริงๆ mazda2 MY2018 เล่นปรับอุปกรณ์ซะ คู่แข่งอย่าง city ต้องมีหนาว,neu,neg,0.731,False
คิวผ่ามะเร็ง..รอกันข้ามปีแล้ว..โรงพยาบาลคนแน่นกว่า..ห้างสรรพสินค้าแล้ว..ในรพ.ไม่มีที่นั่ง..แต่เจ้ากระทรวงก็รู้สึกเฉยๆ.โดยทุกคนไม่มองถึงต้นเหตุของโรคภัย เป้าหมายคือถกเถียงเรื่อง..งบประมาณใครได้เท่าไร.!,neu,neg,0.499,False
การ์นิเย่ เอจเลส ไวท์ สูตรเพื่อผิวอายุ 30+ และมี SPF30/PA+++ เพราะเป็นเซรั่มครีมที่ลดเลือนริ้วรอบ ผิวกระจ่างใสคะ,pos,neu,0.674,False
หิวเมื่อไหร่ก็แวะได้น่า..อิอิอิ,neu,pos,0.569,False
ไม่เคยค่ะ เคยเห็นแต่เพื่อนบ้านเลิกขายประกันหันมาขอ อย.กลายร่างเป็นนักวิทย์สายเคมีกรอกอาหารเสริมขายแปร๊บเดียวเปลี่ยนจากมอไซด์เป็นแคมรี่ป้ายแดงแล้ว สงสารตับคนซื้อกินจิมๆ,neu,neg,0.873,False
คือดีย์,neu,pos,0.958,False
อ่อผิดเพราะมีบุหรี่ไฟฟ้า,neu,neg,0.668,False
มึง อยากกิน,neu,pos,0.593,False
ตัวไม่มีบัตสมาชิก,neg,neu,0.792,False
อาทิตย์หน้าไปโดนกัน,neu,pos,0.907,False
พาหนูไปโหน่ยยยยย,neu,pos,0.741,False
เอาเสียยากเลยหราออเจ้า,neg,pos,0.38,False
จัดไปแล้ว,neu,pos,0.585,False
โอ้คไม่ใช่ โอ้ต,pos,neu,0.894,False
^ ^ ^ หญิงสาวผู้พ่ายแพ้ต่อโฆษณา 55555,neu,neg,0.664,False
ป้อมปราบคือจะต่อยกิมโป ช็อตนี้กุตราตรึงมาก 55555555,neu,neg,0.924,False
กินบ่ได้ เบน ปวดหัว ถ้าเป็น เรดเพิ่มเท่าไหร่ค่ะ,neu,neg,0.969,False
ขออย่างเดียว อย่าปลอมหงส์ทองนะคับ ผมชอบกิน!! อิอิ,pos,neg,0.633,False
เข้างานได้ไม่เกินบ่าย 2 นะ อิอิ,pos,neu,0.851,False
มีครับที่แบน แต่น้อยมาก,neg,neu,0.652,False
พรุ่งนี้พี่กันต์มางานToyota พิดโลกเสียดายไม่ได้ไป,neg,neu,0.652,False
เป็นดีลที่ต้องจองโต๊ะผ่าน hungry hub นะคะ มีแค่ที่เทอมินอล21 กับวงเวียนใหญ่ค่ะ,pos,neu,0.91,False
เรื่องกินขอให้บอก,pos,neu,0.595,False
คือมันดีจริงๆ แบบไม่คิดว่าดีขนาดนี้อ่ะ ตัด 4u2 ทิ้งเลยตอนนี้ 5555555 เนื้อก็เบาปาก สีก็สุภาพ ถูกอีก โอเคสามผ่านนนนน,neg,pos,0.846,False
มากินสิงห์บุรีสิ 5555555,neu,pos,0.581,False
กุอยากกิน,neu,pos,0.619,False
ขอข้อมูลค่ะ Cx3 กับ mazda2,neu,q,0.816,False
จริงๆแหละ,neu,pos,0.463,False
พรุ่งนี้ต้องไปจัดฮอตพอทอีกซะแล้ว หิวมันตั้งแต่วันนี้เลยแม่ง,neg,pos,0.638,False
เอาอีกละ,neu,pos,0.619,False
ใช่ๆๆลงทุนไปเยอะแล้วจะหยุดได้ไง,neu,pos,0.62,False
มันก็ออกมาบอกคนที่เป็นพ่อเป็นแม่ พอพ่อแม่ฟังข่าวเสร๊จก็มาบอกลูกบอกหลานที่สูบ แล้วก็ต้องอธิบายความจริงกันชุดใหญ่ แล้วลูกหลานเคยเถียงพ่อแม่ชนะบ้างมั้ยคัฟ,neu,neg,0.52,False
แม่จ๋า,pos,neu,0.55,False
มันจะดีนะ555,neu,pos,0.517,False
ชอบที่สุดเลย Honda accord hybrid ขับสบาย ระบบความปลอดภัยเยี่ยม กว้างขวาง ขับขึ้นเหนือล่องใต้ก็ไม่ต้องกังวล กินน้ำมันน้อย สิ่งอำนวยความสะดวกครบครัน. #ฮอนด้าที่รัก #EnjoyHondaThailand,neu,pos,0.976,False
อ้วนนะ,neu,pos,0.499,False
ถ้ากินเอมเคด้วย เจ๊ง 5555,pos,neg,0.968,False
มากินลีโอมา,neu,pos,0.761,False
5555 มันมะลำ บอกเลยย,neg,neu,0.479,False
เมือไหร่จะได้ทำกินอีก,neu,pos,0.869,False
ผมชอบการตอบแบบนี้ครับมากครับ ไม่ได้บอกว่าตร.ไม่มีสิทธิ์จับ จับได้ แต่ความผิดนั้นทุกอย่างไปว่ากันในชั้นศาล,neg,pos,0.877,False
ไม่เคยกิน,neu,neg,0.605,False
😣😣,neg,neu,0.574,False
อยากสวยเหมือน พี่เนย โชติกาสิค่ะ สวยไม่เปลี่ยน #มาส์กโชสวยข้ามคืน #cho_cosmetics #daradaily #ดาราเดลี่,pos,neu,0.969,False
ประเด็นอำนาจ คสช.ต่อองค์กรอิสระ ไม่ได้เพิ่งถูกพูดถึงตอนมีเรื่องนาฬิกาเพื่อนหรือพรรคไทยรักษาชาติ...แต่เป็นเรื่องที่ท้วงติงกันอยู่แล้วตั้งแต่แรก/เรื่อง ส.ว. 250 คนโหวตนายกฯ ก็เช่นกัน,neu,neg,0.74,False
บาร์บีก้อน กับ S&P,pos,neu,0.507,False
ท้องร้องเลย,pos,neu,0.805,False
"มันไม่ใช่พรบ.ที่บัญญัติให้เพศเดียวกันแต่งงานกันได้โว้ย ""คู่ชีวิต"" ไม่ใช่ ""คู่สมรส"" พรบ.คู่ชีวิตเป็นการกำหนดให้คู่ชีวิตมีสิทธิหน้าที่ในการอุปการะเลี้ยงดูกัน รวมถึงสิทธิในการยินยอมรักษาพยาบาล อำนาจจัดการศพ ดำเนินคดีอาญาแทน ฯลฯ และมีข้อยกเว้นอีกเยอะ แต่ไม่ใช่ให้อำนาจแต่งงานอ่ะ.....",neg,neu,0.687,False
ใครชื่อไก่วะ ไม่เห็นรุ้จักเลยอะ ???,neu,neg,0.486,False
เท่าที่จำได้ จดหมายโต้ตอบระหว่างคณะราษฏร์ กับ ร.7 มีเรื่องกองกำลังทหารรักษาพระองค์ สำนักงานทรัพย์สิน นิรโทษกรรมเจ้าที่ก่อกบฏ การออกกฎหมาย,neu,neg,0.59,False
แนะนำผ้าอนามัยหน่อยค่ะ(สอด/แผ่น) #โรคผิวหนัง,neg,neu,0.495,False
กูไม่รู้5555,pos,neu,0.559,False
เรื่องออื่นไม่เท่าไหร ข้าวผัดนี้หล่ะประเด็น 5555,neu,neg,0.789,False
หน้าตาของประเทศเลยนะ,neu,neg,0.604,False
ซีวิคสีขาวมีไหมค้ะ,neu,q,0.824,False
พูดมาก รำ555555,neg,neu,0.594,False
คุนหลอกดาวอีกแล้ว,pos,neg,0.7,False
ถุยยยย,neu,neg,0.878,False
ต้องปายยยยย,neu,pos,0.874,False
คับๆคืนนี้สั่ง,neu,pos,0.722,False
โห พน เลยละกันนน,neu,pos,0.751,False
🙌🏻🔥🚀 เป็น festival โฉมใหม่ ที่ใหญ่ที่สุดในไทยเท่าที่เคยมีมา line up ก็โคตรจะเดือด ไม่มีงานไหนให้ได้เท่างานนี้แล้ว สถานที่ก็กว้างมากๆ เหมาะเป็น festival ที่เฟี้ยวที่สุดในไทยสุดๆ นี่หละครับเหตุผลที่ไม่ควรพลาด 🔥 #DropzoneFestivalBangkok,neu,pos,0.891,False
กำลังอยากกิน 555,neu,pos,0.739,False
หาเพื่อนตี้ๆๆๆ555555,neu,pos,0.729,False
ตาแซบคัก,neu,pos,0.937,False
อะ,neu,pos,0.618,False
โดนมาแล้วคับ,neu,pos,0.598,False
มันจะไม่สวยล่ะมั้ง,pos,neg,0.863,False
ใจมันต้องได้ด้วย55555,neu,pos,0.557,False
เป็นคนจนธรรมดา คนนึง แม่รักษาที่พระมงกุฎฯ คุณหมอใส่ใจดูแลดีมาก พยายามหาจนเจอว่าแม่เป็นโรคหัวใจ...ขอบคุณทีมคุณหมอที่พระมงกุฎฯโดยเฉพาะ หมอเปรมทัต..อายุรกรรม,neu,pos,0.626,False
ถ้าหลายๆประเทศตีพิมแบบนี้รับรองไม่มีคนมาเที่ยวแน่ๆ,neu,neg,0.602,False
เล่นสดนะคะ เสียงใสมาก #감자톡톡 #NFlying #엔플라잉 #BreezerTH #LiveLifeInColour #WelcomeNFlyingInThailand,neg,neu,0.618,False
ใครพอมีข้อมูลบ้างไหมครับว่า ซีอาวี ดีเซลตัวใหม่เป็นแบบนี้ไหมครับ,neu,q,0.936,False
ไฮเนเก้นสักขวดไม่คร้,pos,neu,0.818,False
ชุดนี้กิน 3 คนจะอิ่มป่าว,q,neu,0.731,False
จัดไปรออะไร..555,neu,pos,0.853,False
ไม่เอา เบื่อแล้วววววใ,neg,neu,0.575,False
🤣,neu,pos,0.504,False
พลีส.,pos,neu,0.809,False
อุ้ย!!! ทำไมหิวแบบนี้,neu,pos,0.819,False
ดูรายการต่างๆ ใน Netflix แล้วก็รู้สึกอยากรู้ภาษาทุกภาษาเลย 5555 แบบตอนนี้รู้อิ้งก็เข้าใจคอนเท้นอิ้งชะ แล้วแบบถ้ารู้ญี่ปุ่นก็จะดูอันนี้รู้เรื่องขึ้น ตอนดูซีรีย์เกาหลีก็อยากจะรู้เกาหลี ถ้าให้ครบนี่ต้องสเปนอีกภาษา 555,neu,pos,0.599,False
บาร์บีก้อนเละอ่ะ บอกเลย 😑,neu,neg,0.988,False
เนี่ยที่อยากกิน,neu,pos,0.931,False
สนใจครับ มีของซูซูกิ เซียสมั้ยครับ ราคาเท่าไหร่,neu,q,0.915,False
กลิ่นเหมือนเรชแต่โคตรเมาอะ,neu,neg,0.944,False
เอ้า555,neu,pos,0.616,False
มีใบเสดยุ,neu,pos,0.511,False
55555 ไอเลิฟไทยแลนด์. ถถถถุยยย,neg,pos,0.855,False
เราอยากกิน,neu,pos,0.791,False
ถ้านั่งชิล พอลื่นๆคอ แต่ถ้ากะจะเมาเร็วๆ แนะนำกินช้างเหมือนเดิม,pos,neg,0.453,False
ว้อทมากก,neu,neg,0.967,False
นิสสัน ผุดโรงงาน รีไซเคิลแบตเตอรี่รถยนต์อีวี #นิสสัน #แบตเตอรี่ #รถยนต์อีวี #prachachat,pos,neu,0.978,False
เคยๆ ตอนเด็กเริ่มเป็นประจำเดือน พอของตัวเองหมด ก็ไปเอาของแม่มาใช้😂มันแน่นดีนะ ไม่เลื่อนไม่ขยับมีสายรั้งไว้ ที่สำคัญผ้าอนามัยแผ่นหนามากกกกจำได้กล่องเป็นรูปดอกกุหลาบ #🤦🏼‍♀️🤦🏼‍♀️🤦🏼‍♀️😂😂😂,neg,neu,0.41,False
ยุบ้านมีห้างแต่ไม่มีฮอทพอท,neu,neg,0.815,False
ผมก็ออกมาสด้า2มากำลังแนวทางเลย,neu,pos,0.881,False
หนักกว่าป๋องดำเยอะออเจ้า,neg,neu,0.606,False
ได้ไหมครับ รอคำตอบ เที่ยงนี้จะได้ไปทาน ครับ,neu,pos,0.51,False
วันนี้ไปทาน สาขาบิ๊กซีหัวหมาก พนักงานบริการดีค่ะ แต่เสียแค่เรื่องการเติมอาหาร ช้ามากกกกค่ะ,pos,neg,0.989,False
นี้ๆๆๆๆๆ,neu,pos,0.757,False
😙😙ขอแค่นี้ก้อพอ เค้าก้อจะรักตัวเองเหมือนวันแรกที่รู้สึกกัน,pos,neu,0.573,False
เลี้ยงเลย,neu,pos,0.595,False
หรอยนิโฮการ์เด้น,neu,pos,0.707,False
พรุ่งนี้มะ ฉลองปีใหม่กัน,neu,pos,0.874,False
ช้างหรือไม่ก็แสงโสม,pos,neu,0.959,False
ถ้าสั่ง set หมู นี่ได้ตามรูปเลยหรือป่าวคะ,neu,q,0.755,False
แสงโสม นุ่มอยู่ เคยพี่ ตอนพาหมาไปเดินเล่น,neu,pos,0.535,False
ทีเอ็มเคท่ามะกาใข้ไหมคะ,neu,q,0.861,False
ยังอยู่การเจ๋ง,neu,pos,0.556,False
เมื่อไหร่จะผอม,neu,pos,0.557,False
ขอบคุนทีมงานมากๆเลยนะครับ,neu,pos,0.96,False
รีบมาเลี้ยงสิร่ะ,pos,neu,0.524,False
บางจริงก้อน,neg,neu,0.468,False
สนใจป่าว,neu,pos,0.623,False
ตัวนี้เมาชิบเลย,neu,neg,0.565,False
โถ่พี่คับตอนนี้แค่ราคาหงษ์ทองก็จะไม่มีปญ.ซื้อแดกและว่ามั้ยคับเล่นขึ้นราคาแบบนี้.คนรากหญ้าอย่างมนุษย์อย่างผมแย่เลย,neu,neg,0.961,False
จะมีใครเลี้ยงล่ะ ก็ต้อง อยู่แล้ว 555,pos,neu,0.791,False
TOYOTA CH-R ซื้อลอตแรกๆ ระวังกันด้วยนะครับ,neg,neu,0.481,False
เดี๋ยวนี้พนักงานที่สนามบินบางคนทำไมถึงพูดจาและแสดงกิริยาออกมาแย่จัง เห็นเป็นต่างชาติแล้วเหวี่ยงภาษาไทย ถึงเค้าจะฟังไม่ออก แต่กิริยาที่ออกมาไม่น่าดูเลย เป็นคนไทยเองเห็นยังแย่,pos,neg,0.99,False
พรุ่งนี้มั้ยกูหยุด,neu,pos,0.792,False
สิงห์ค่ะที่ผ่านเหนื่อยเหลือเกิน,neu,neg,0.701,False
ลงทีใหนคับ,pos,neu,0.757,False
เชื่อผมมั้ยครับ มาสด้าจะไม่ตอบตรงๆ เค้าคงจะตอบประมาณว่า วางใจได้เลยค่ะ มาสด้าประกันศูนย์ให้ถึง3ปีหรือตามระยะ หากรถลูกค้ามีปัญหาเข้ารับบริการที่ศูนย์มาสด้าใกล้บ้านได้เลยค่ะ ตามแพทเทิร์นไป,neg,neu,0.823,False
กระบะ โดย Gene มันน่าจะกระด้างอยู่แล้ว ไม่ว่าไปเจ้าไหนก็เหอะ ถ้าเอามาเทียบกับ City ตาม จขกท ขับมาก่อน,neu,neg,0.902,False
ทำไมคะแนนจากกต.กับทางบ้านไม่เท่ากันอ่ะ? https://vote62.com/,q,neu,0.86,False
^3^ เอาที่สบายใจเลย,neu,pos,0.673,False
Cateเคยให้สัมว่าตนเคยให้น้ำหอมกับพนักงานขับแท็กซี่คนนึงที่ลอนดอนด้วย เพราะเค้าถามว่าใช้น้ำหอมอะไรผมจะซื้อไปให้ภรรยาในวันเกิด เคทรู้สึกเอ็นดูเลยยกขวดให้ไปเลยทั้งๆที่ตัวเองก็มีแค่ขวดเดียว และคงหาซื้อแทบจะยากเพราะเป็นรุ่น exclusive นานมาแล้วแต่ย้อนกลับมาเล่าก็โคตรจะน่ารัก 💕,neu,pos,0.875,False
จัดให้สาแก่ใจสิ,neu,pos,0.567,False
วันไหนล่ะ,pos,neu,0.656,False
ป่ะ กินต่อได้,neu,pos,0.852,False
ผมนี้อายแทนเลยครับ55555,neu,pos,0.565,False
โปรบุฟเฟย์มายังคะ เห็นมีรูปออกมา,neu,q,0.46,False
ดิ,pos,neu,0.848,False
ความมันที่ได้ดื่มลีโอเย็นๆ #LEOLUTION,neu,pos,0.812,False
ภูเก็ตมีไหมคะ,neu,q,0.917,False
ชุมพรค้าบ,neu,pos,0.513,False
งื้ออออ อยากจินนจุงง,neu,pos,0.779,False
วันอาทิตทำฟันแดกไม่ได้,neu,neg,0.962,False
คนไทยต้องซีวิคครับ ไม่งั้นไม่เท่,neu,neg,0.613,False
โทษบุรี่ไฟฟ้ากับกัญชาอาไรร้ายแรงกว่ากันคับ,q,neu,0.646,False
ช่วงนี้จน55,pos,neu,0.521,False
กำลังนอนดูเมนูเอ็มเค 555,pos,neu,0.678,False
แม่,neu,pos,0.583,False
ป๋า กูน 528 พอใช้ไหมคับ,q,neu,0.793,False
เจอกันค่ะ รอนานมาก,neg,pos,0.708,False
ดูมาหน่อย เซเว่นบ้านเราไม่มี,neu,neg,0.573,False
ภาษีอีกละต่อไปจะใช้กากมะพร้าวแทน😂😂,neu,neg,0.895,False
สั่งได้เหมาะกับหน้าตา,neu,pos,0.601,False
ตอบเลยว่าไม่ 55,neg,neu,0.638,False
วันนี้เลยมั้ย,neu,pos,0.797,False
หงเลี้ยงใช่มะๆๆ หงเลี้ยงเว้ยหม่อนนน,pos,neu,0.75,False
ดุสิตโพลเผยที่สุดแห่งปี ยกเรื่อง 13 หมูป่าออกจากถ้ำหลวงเหตุการณ์ที่มีความสุขที่สุด ส่วนนักร้องที่ประชาชนชื่นชอบมากที่สุด ‘เป๊ก ผลิตโชค’,neu,pos,0.587,False
ตัดใจรอแอคคอร์ด2018ดีกว่าถ้าราคานี้,neu,neg,0.548,False
แดกช้างน้ำเข้าไปรึอย่างไร พุงถึงได้ใหย่เยี่ยงนี้. 😂😂,neu,neg,0.614,False
ขอความกรุณาช่วยปรับปรุงหมอประจำห้องฉุกเฉินด้วยค่ะ ถ้าไม่เจ็บไม่ป่วยคงไม่มารักษามีคนดีๆที่ไหนเขาอยากมาโรงพยาบาลบ้าง ถ้าไม่กลัวผิด พ.ร.บ.คอมจะโพสต์คลิปและสีหน้าไห้ดูค่ะว่าหมอของคุณเป็นยังงัย เงินน่ะมีจ่าย,neu,neg,0.636,False
ลีโออยากกินลีโอ,neu,pos,0.816,False
อิ่มมมมมมม,neu,pos,0.672,False
วันนี้อะนะ show dc นี้ไปยังไง ขามาไปถูก ขากลับนี้งง 555,neg,neu,0.532,False
รถสวย ทรงสวยดีคับ Kia ที่อเมริกาขับเพียบเลย ถ้าราคาเท่า accord ขายดีแน่ๆ,neu,pos,0.862,False
มีรูป1นั่งกำขวดเบียร์สิงห์ ดูท่าจะชอบดื่มเหมือนชาคริต,pos,neu,0.771,False
นิสสันเอ็กเทลรถสมถรรนะเยี่ยม พร้อมเทคโนโลยีล้ำสมัย ปลอดภัยทุกการขับขี่,neu,pos,0.811,False
เจ้,neu,pos,0.556,False
จะไปแซะคนที่เค้าแห่ไปลิโด กับเขาดินก่อนปิดทำไม คือเค้าไม่ได้เรียกร้องให้มันอยู่ต่อ เค้ายอมรับแล้ว เค้าถึงไปส่งท้ายไง ตอนมีอยู่ไม่ได้ไป แล้วมึงจะให้กูไปเลี้ยงยีราฟอาทิตย์ละห้าวันหรือไง คือมันไม่ได้ตอบโจทย์การไปบ่อย ๆ อะ การไปรำลึกส่งท้ายมันเลวร้ายมากเลยเหรอ,neu,neg,0.965,False
55555 เจ้าแซน,neu,pos,0.498,False
พร้อมไหม,neu,pos,0.635,False
ชี้อเหล้าให้มันแดกอยู่บ่อยกูรู้แต่เวลามันแดกเองมันล่อแสงโสมเวลามันให้กูชี้อให่มันแดกblack lableสาด,neu,neg,0.797,False
เข้ ปกติแท็กซี่จะมีแค่โตโยต้าอย่างเดียว แจ่มอะ 555555,neu,pos,0.931,False
บาบีก้อน!!,neu,pos,0.697,False
เคยไปอยู่ แต่พนักงานไม่รับ,neu,neg,0.848,False
มันมี ผลประโยชน์เข้ามาเกี่ยวข้อง หรือป่าว,neu,neg,0.672,False
เอาไป 100 ใช้ให้หมดน่ะ,neu,pos,0.61,False
อยากละสิ,neu,pos,0.775,False
หู้บยยยยยยยย,neu,pos,0.756,False
ฝันว่านั่งอยู่บนรถกับทากะ นั่งเบียดมาก ทากะนั่งอยู่ข้างหน้านี่ก็อยู่เยื้อง ๆ มาข้างหลัง พยายามเอามือดันนางให้ออกห่างจากตัวเอง เพราะหน้ามันแนบกับหลังนางเกินไป มันเขิน และหายใจไม่ออก จนนางผิดสังเกตอะเลยถามว่า รังเกียจเหรอ 555555555,neu,neg,0.803,False
ฮอตพอตแถวนี้มีไหน5555,pos,neu,0.723,False
ถ้าไม่ใช้คูปอง ส่งมาทางนี้ได้นะคะ,pos,neu,0.808,False
เดี้ยวนี้ ลีโอ โฆษณา เด่นและชัดมาก. เครื่องดื่มโซดา ลีโอ. มึงคิดว่าคนเอาจะ คิดว่ามันจะเน้นโซดา รี. ใครๆก็ต้องคิดว่าเบียร์ทั้งนั้นแหละ เจ้าหน้าที่แบบนี้. หนักประเทศจริงๆ,neu,neg,0.974,False
จัดสิจ้ะ,neu,pos,0.784,False
หน้ากากมะเขือเทศ มะนาว แตงโม มะพร้าว กี่วี่ เบอรี่ ก็มา อยากผิวหน้านุ่มชุ่มชื่น เด้งดึ๋ง ไว้ใจ Mask Skinfood จ้า โปรดี 5 แถม 5 คุ้มยิ่งกว่าคุ้ม จัดเลย!,neg,neu,0.641,False
ลิปจิ้มจุ่มเนื้อแมท Mille My Little Pony Magic Matte Liquid Lip สี 03 ค่ะ จิ้มไป4ครั้งเอง ใช้น้อยมากก ส่งต่อ150-.เองน้า ทักมาก่อนได้ แท้เด้อ!! สีน่ารัก สีของมิ้นชี่ #mille #ส่งต่อเครื่องสำอาง #ของแท้ #ส่งต่อคสอ #เครื่องสำอางมือสอง,neg,neu,0.729,False
สาวกครีมชีส สาวกเอ็มเค รอแดก,neu,pos,0.518,False
เป็นกันแดดที่ใช้แล้วหน้าไม่มันสิวไม่ขึ้นเพิ่ม และที่สำคัญ1ขวด ใช้ได้นานมาก ใช้ได้เกือบปี ตั้งแต่ใช้กันแดดEucerin ประหยัดเงินค่าครีมกันแดดไปได้เยอะเลยค่ะ,neu,pos,0.947,False
เคยคิดจะให้ชื่อน้องซีแกรมกับน้องโซดา พอเอาเข้าจริงๆ โดนเบรคสะงั้น เลยได้ชื่อว่า น้ำอิง,neu,neg,0.581,False
ทามมายเลาพลาดดดดดดดด 😭😭😭,neu,neg,0.393,False
มันกลัวคนบอกว่าฮอนด้าเกียร์เปราะบอบบาง ถ้านำมาวิ่งแท๊กซี่จะพังง่ายขึ้นไปอีก,neu,neg,0.902,False
ไปวันไหนดีพ่อ 28-29,neu,pos,0.852,False
รีโว่เครื่อง 2.4. อัตราการใช้น้ำมันประหยัดไหมคับ คอมเม้นหน่อยคับ,neu,q,0.92,False
เอาวันมีตังด้วยคะ,neu,pos,0.735,False
จัยแรกจัย ใช้ไม่ได้กับทุกคน,pos,neg,0.523,False
โอ้โห ใครทำเกมนี้เนี่ย ยากแบบเอาตายเลยค่า หาเจอกันครบมั้ยเนี่ย แอดใบ้ให้ว่าทั้งหมด 5 จุดนะ หุหุ,pos,neu,0.447,False
เตรียมท้องไว้ละนะ,pos,neu,0.622,False
เสียใจย,neg,neu,0.516,False
สั่งกินกันตอนเที่ยง,neu,pos,0.783,False
ชุดคัดสรร.ราคาเท่าไหร่ค่ะ,neu,q,0.763,False
ถ้าเป็นไฮเนเก้นก็ฟินไปแล้วนะครับ,pos,neu,0.542,False
อยากหรอ ตังหมดไปกับเมื่อวานแล้ว,pos,neu,0.391,False
หิวว,neu,pos,0.772,False
ไปหาผ้ามาขาย,pos,neu,0.772,False
HONDA Brio !! * เทอร์โบใหญ่ ❤,neu,pos,0.508,False
มีหลักฐานนะไอมูกเปียก,pos,neg,0.676,False
ถ้านิสสันออกแบบให้สวยดูดีกล้ายกสูงฟอร์ดหรือค่ายอื่นๆคงไม่แซงหน้า,pos,neg,0.376,False
etude ค่า,neu,q,0.987,False
TOYOTA นี่ไปทั่วโลกเลยแสดงว่าเป็นที่ยอมรับอย่างกว้างขวาง,neu,pos,0.747,False
ลพบุรีมีไหม,neu,q,0.926,False
หล่อกันทุกคนเลยครับวันนี้ ^^,neu,pos,0.834,False
คนที่ริเริ่มเอาเพลงหนักแผ่นดินมาโจมตีคนอื่น ตอนนี้ติดคุกคดีพรบ.หลักทรัพย์ และคดียึดทำเนียบ นะจ้า 555555,neu,neg,0.653,False
น่ารวมตัวกันซักหมื่นคนนะครับแล้วเดินขบวนมันซะเลย ทำป้ายริดรอนสิทธิเราทำไม,pos,neg,0.857,False
นี่เลยพี่บรี เมื่อผมสั่งเบียร์สิงห์ SINGHA ในเซี่ยงไฮ้ - -',neu,neg,0.536,False
มีแต่ชื่อภาษาอังกฤษเนอะ ก้อนเนอะ..คนชื่อภาษาไทยอดไปดิ,neg,neu,0.487,False
อัลเมร่าตัวท้อปดาวเท่าไรคะ,neu,q,0.911,False
อาจารย์คับรบกวนสอบถามเรื่องแอร์น่อยคับ รถยาริส1.2 รถ3ปี70000โล อยู่ดีๆแอร์มีแต่ลม คือวันเสาแอร์ยังเย็นอยู่คับพอมาเช้าวันอาทิตสตาทรถแล้วรู้สึกว่าแอรมีแต่ลม ไปร้านแอร์เช็คดูว่าน้ำยาแอรขาดเลยเติมมา อาการแบบนี้จะเป็นที่ตู้แอร์รั่วได้ไหมคับ ถ้าเป็นที่ตู้แอร์ต้องรื้อคอนโซลเลยใช่ไหมคับมีวิธีอื่นไหมคับ,neg,q,0.649,False
แนะนำของใหม่คะ,neu,pos,0.576,False
วันอังคารๆๆๆ,neu,pos,0.684,False
พุ่งนี้ไปกันไหม,neu,pos,0.893,False
อีกตั้งนานนน ค่อยหาเนอะ,pos,neu,0.516,False
จะกินเป็ดย่าง😣😣😣😣😣😣😣😣ๆๆๆๆๆๆๆๆๆๆๆ,neu,pos,0.905,False
เลี้ยงหรอจิ,neu,pos,0.567,False
Top 10 ลำดับสุดท้ายของ IPSA Best Seller อีกหนึ่ง Must have item! ที่อยากแนะนำสาวๆให้ได้ลอง ซีรั่มที่ช่วยล็อคประสิทธิภาพของครีมบำรุงผิว IPSA Barrier Serum ด้วยคุณสมบัติพิเศษในการยึดเกาะผิวและเก็บกักความชุ่มชื่นได้ยาวนาน เมื่อสัมผัสโดนน้ำ หรือเจอเหงื่อ จะยิ่งเพิ่มคุณสมบัติในการยึดเกาะได้มากยิ่งขึ้น ไม่ทิ้งคราบมัน เหมาะกับทุกสภาพผิว เชิญทดลองผลิตภัณฑ์ได้แล้ววันนี้ที่เคาน์เตอร์อิปซ่าทุกสาขาค่ะ #IPSAThailand,pos,neu,0.73,False
อยากรู้ต้องลอง,neu,pos,0.714,False
นี่โปรใหมา,pos,neu,0.728,False
😁,pos,neu,0.532,False
แม่หญิงเบลล่า ใช้อายไลน์เนอร์ มิสทีน รุ่น ซุปเปอร์ แบล็ค ฟิคซ์ อายไลน์เนอร์ เขียนง่าย แห้งเร็ว เจ้าค่ะ,neu,pos,0.547,False
กานีเย่ 15฿ ก้อพอแล้ว,neu,pos,0.641,False
บาบิก้อนบุฟเฟต์กันเลยข่ะ,neu,pos,0.856,False
ลูกหมากหน้าล่าง Lancer ex ขอราคาด้วยครับ,q,neu,0.835,False
รอแฟนพี่หายก่อน เดียวไปกินกัน. น่ากินเนอะ,neu,pos,0.915,False
กระทะของบาบีก้อนจริงปะวะ,neu,q,0.5,False
ตอบ B ค่ะ ดูโฉบเฉี่ยวเป็นเอกลักษณ์ที่โดดเด่น สีแดงสะกดทุกสายตาเรยคะ #Rama3honda,neu,pos,0.698,False
ตอนนี้ขับบีที50โปรต้องการเปลี่ยนเป็น4ประตูต้องทำไงบ้างคะ แต่ไม่มีเงินดาว อยากได้แบบผ่อนถูกๆค่ะ,neu,q,0.869,False
อืมนึกว่าบุฟเฟ่,neg,pos,0.403,False
เดี๋ยวส่งมาให้เอง 55,pos,neu,0.891,False
ความสุขของเธอฉันไม่ขัด😘,neu,pos,0.829,False
มันใช่เวลามาออกเมนูใหม่ไหม,neu,neg,0.849,False
ทีมลาซาด้า #ทีมพี่สมาย #Eucerin ทั้งใจ,neu,pos,0.503,False
วันนี้เมาแสงโสมนะคับ,pos,neu,0.543,False
ร่วมบริการค่ะ,q,neu,0.886,False
ขอรคา New Pajero sport คับ,q,neu,0.956,False
เลาว่าควรพอ55,neu,pos,0.505,False
สนไหมมมมม5555,neu,pos,0.827,False
น้ำฟรีหรือป่าวคับ,neu,q,0.731,False
ซีฟูดมีอะไรบ้าง ไม่มีเนื้อสัตว์บกใช่ป้ะ ที่บ้านไม่กินสัตว์4ขา,q,neg,0.851,False
เหมือนว่าจะดีขึ้นแล้ววววววววววว 555555,neu,pos,0.594,False
ฟอร์ดเรนเจอร์เป็นมั้ยครับ..?,neu,q,0.795,False
เกลียดความรู้ทันของเพื่อน😅,pos,neg,0.544,False
ชวนกินอีกแล้ว พร้อม 😁,neu,pos,0.594,False
ไก่ไม่ทีกระดูก,neu,neg,0.586,False
ลองดิ๊ นี่เขย่าไม่ได้ มันบอกมือถือไม่รองรับ,neu,neg,0.772,False
ที่โคราชจะทานอะไรคะ บาบีกอนไม่บุฟเฟ่นะคะ,neg,neu,0.465,False
รถอย่างหรู ขับขี่ปลอดภัยอุ่นใจเมื่อขับ นิสสัน,neu,pos,0.784,False
ไม่หิวกินอิ่มแล้ว,neu,pos,0.453,False
จะเอา Chanel no.5 รอบหน้า,neu,pos,0.547,False
ตั้งใจชนอะ revo รุ่นใหม่สตาร์ในเกียร์ได้เหรอ เข็ดไปอีกนาน bm,neu,neg,0.969,False
ลงชื่อทำยังไงบ้างครับ,neu,q,0.481,False
....😁,neu,pos,0.583,False
พรุ่งนี้จัดไหมเรา 2 คน 555,neu,pos,0.861,False
อยากติดเนตบ้านโปรแรงๆที่ติดแล้วเนตคงที่ไม่ลด มีโปรเนตถูกๆแนะนำบ้างไหมค่ะ,q,pos,0.357,False
แปะไว้ก่อน,neu,pos,0.544,False
อยากได้กานิเย่รับหน้าร้อนคระ,neu,pos,0.804,False
นิ่มๆ แต่หัวทิ่มได้นะ ลองแล้ว,neu,pos,0.528,False
วันๆๆนอกจากทำงาน..ก็กินหมุจุ่ม..ชาบุ..หมูกะทะ..เอ็มเคไปวันๆ,neu,pos,0.484,False
ว่าแล้วต้องมีแบบนี้ ผมเลยเอาmg3ตัดเรื่องระบบไฟฟ้าออก,neu,pos,0.648,False
ขอบพระคุณครับ,neu,pos,0.779,False
หิวเลย,neu,pos,0.837,False
รถผม 80000 กม. Isuzu. All new dmax 2014 ใช้ตัวนี้จะอืดไหมครับ ตัวนี้ราคาเท่าไรครับ 7 ลิตร,neu,q,0.901,False
คิดว่าไม่แพงนะเพราะกินตั้ง13คนคิดแล้วก็คนประมาณ500กว่าบาท.ไปกินเอ็มเค2คนก็เป็นพันเหมือนกัน..นานๆๆทีกินอาหารทะเลซื้อความสุขให้ตัวเองค่ะ,neu,pos,0.493,False
กุลดความอ้วน,neu,pos,0.619,False
ปีที่แล้วทะเลาะกับพ่อหนักมากหนักสุดล้ะ เดินร้องไห้ออกจากบ้าน เดินเรื่อยๆจนถึงหน้าปากซอยแล้วโบกแท็กซี่ไปห้าง ซื้อๆๆๆๆๆ ซื้อแม่งให้หมด,neu,neg,0.903,False
มีเซ็นเซอร์ถอยหลังตั้งแต่รุ่นล่างสุดเปล่าว้า..แถว่ะ,neu,neg,0.598,False
ไม่ได้โดนบาบีก้อนนานละ #พูดลอยๆ,pos,neg,0.758,False
มื้อได่ละ จัดจักมื้อบ่เฮา,neu,pos,0.841,False
ขอแชร์ว่าเมื่อก่อนก้อเจอปัญหาแบบนี้มาโดยตลอด แต่พอเปลี่ยนมาใช้โซฟี ไม่เป็นปัญหาอีกเลยนะ กาวนางดีเวอร์วังมาก แปะเกงในอยู่หมัด ไม่มีเลื่อนหลุดไหล พลิกซ้ายขวาใดๆให้กังวล บางครั้งกาวดีจนเวลาแกะออกจากเกงในนี่แน่นจนกางเกงในเกือบขาดตอนดึงออก คือกาวดีเกินไป แนะนำรุ่น super slim แบบมีปีก ทุกรุ่นของ super slim มันบางมากกกกก เหมือนไม่ได้ใส่ผ้าอนามัยเลย แต่ซึมซับดีเยี่ยม คือนี่ลองทุกยี่ห้อแล้วจิงๆ ดีสุดคืออันนี้ ตอนซื้อของลอรีเอะมาใช้ มันกาวหลุดเลื่อนเจอปัญหาแบบที่ทุกคนด้านบนบอกเลยจิงๆ แต่พอเป็นโซฟีรุ่นที่บอกไม่เคยมีปัญหาเลยดีมากๆกาวแน่นเวอร์วังฝุดๆ #ไม่มีส่วนได้ส่วนเสียอะไรกะโซฟีทั้งนั้น #ใช้ดีก้อบอกต่อกันจะได้คุณภาพชีวิตดีขึ้น #อยากให้ลองจิงๆจากใจเลย,neg,pos,0.502,False
🤤🤤🤤🤤🤤🤤,pos,neu,0.574,False
น้ายา บอกผมเลยครับ จัดให้ มันจะยากตรงไหนครับ,neu,pos,0.479,False
พี่เอาบุหรี่ไฟฟ้า เปนมวนมันเหม็น,pos,neg,0.953,False
อยู่ๆก็อยากได้กำลังใจ,neu,pos,0.624,False
ตามนั้นนนน,pos,neu,0.658,False
แอ่กกก,neg,neu,0.632,False
นั่นสิ555555 พี่แสนรักขอเลือกติดทนละกันน แต่ว่าเพื่อนพี่แสนรักแนะนำตัวนี้บอกว่าคล้ายๆเพอริเพอร่า,q,pos,0.551,False
#พาsmootoไปเที่ยว พาไปทุกที่ค่ะทั้งทำงานที่ต้องอยู่แต่ในห้องแอร์ตลอดเวลา นอนไม่เป็นเวลาต้องดูแลผู้ป่วย พาไปอบรมดูงานนอกสถานที่ พาไปเที่ยวตากแดดตากลม พาไปงานแต่งหรืองานสังสรรค์ต่างๆ เพราะsmootoทุกตัวมีดีต่างกันแต่ดีทุกสูตรทุกตัว เอาจริงๆนะแต่ก่อนดูถูกพวกครีมซองมากๆไม่กล้าใช้ไม่ใช่ของห้างนู่นนี้นั้น จนกระทั่งวันนึงแม่เราซื้อมาชิงโชคเพื่อจะไปญี่ปุ่น ถึงได้มีโอกาสได้ลองใช้ตัวแรกเลยคือsmooto egg แค่2วันแรกหนังหน้าเปลี่ยนตอนแรกคิดว่าคิดไปเอง แต่พอโดนทักมากๆเข้าเลยมั่นใจว่าเจอของดีของเด็ดเข้าแล้ว จากนั่นเลยเริ่มเอาสูตรต่างๆมาลองใช้มีจุดเด่นที่แตกต่าง ***และสูตรอื่นๆที่ยังไม่ได้พูดถึงแต่มีแล้วใช้แล้วเหมือนผิวหน้าได้เกิดใหม่ สรุปเราก็เลย #พาsmootoไปเที่ยว ไปเที่ยวพกติดตัวไปทุกที่ค่ะ ทั้งพกพาง่ายหาซื้อยิ่งง้ายง่ายขาดไม่ได้เลยจริงๆค่ะ ...รักsmootoค่ะ,neu,pos,0.924,False
ไดซาชิ คุ้มกว่า 555555,neu,pos,0.904,False
อืด,neu,neg,0.978,False
ฟิวเลี้ยงก็ได้หมดเดี๋ยวพาปายย,neu,pos,0.634,False
พกพาไปได้ตลอดความสวยความงามต้องโอเลย์ชิจ๊ะ,neu,pos,0.643,False
ช้าไปอยากกิน,neu,pos,0.934,False
ใครมาก็ได้ถ้าเป็นToyotaBuzzเพราะเขาเป็นโชว์รูมสุดยอดอยู่แล้ว #ToyotaBuzz #อายกมลเนตร,pos,neu,0.644,False
เรื่องของมึงครับ กุสูบ Vape ฟินกว่าเยอะ🤣 กร๊ากกกก,neu,pos,0.564,False
ให้โลกรู้ไว้แท็กซี่ สีเหลือง ที่ไม่ปฏิเสธลูกค้า และไม่+เพิ่มค่าโดยสาร ยังมีอยู่บนโลกใบนี้ #แท็กซี่,pos,neu,0.422,False
ตอบ สินค้านี้ ลอรีเอะ ซุปเปอร์ เจนเทิลพลัส 25-30 ซม. 6-7ชิ้น ราคา 21 บาท,pos,neu,0.987,False
ต่ำอีกนิด จะแทะให้หมดเลย!,neu,pos,0.547,False
ไปมั้ย???,neu,pos,0.833,False
นกแอร์กับแอร์เอเชียเที่ยวบินไประนองยกเลิกมั้ยค่ะ,neu,q,0.985,False
ลองดู,neu,pos,0.512,False
อ้วนนะพรุ่งนี้ป่ะ,neu,pos,0.786,False
รีวิวรองพื้น Marc Jacobซะหน่อย เมื่อวานไปสอยตัวใหม่มา ขวดแบนๆ Shameless foundation คือตัวนี้ตอนลองแบบ เห้ย ทาแล้ว????? มันหายไปไหน ซึ่งใันต่างกับตัวขวดกลมเดิมมาก อันนั้นหนาเหลือเกินออเจ้า แบรนด์นี้ขุ่นแม่ชอบมากนะ คือมัน simple แต่ดีงาม แต่ปัญหาใหญ่คือ “กูไม่เคยเลือกสีถูกค่ะ!” เฉดสีเยอะงงเว่อร์ ลองที่ Sephora กลับมาใช้ไม่เคยได้ตรงสีหน้า 555 รุ่นใหม่นี้เอาสี y270 มา พอใช้กับหน้า รู้สึก เพี้ยนๆ แต่บางเบาราวกับลืมใส่ กกน ปกปิด กลางๆ ผิวแห้งก็ใช้ได้นะ แต่ไม่ควรลงแป้งตาม ผิวมันก็น่าจะชอบความชุ่มผิว ปัญหาเดียวคือ ไปเลือกสีดีๆ จบรีวิว,pos,neg,0.991,False
แบงค็อก ยูไนเต็ด เผด็จศึกครับบบบ #ChangFAcupFinal,pos,neu,0.932,False
เลิกงาน,neu,pos,0.595,False
เอ็มเค มาหาเราดีกว่า คิดถึงมากๆ,neu,pos,0.75,False
พาแม่ไปสิ,neu,pos,0.732,False
วันนี้ไม่ได้แดกร้านก่อนปีใหม่,pos,neg,0.825,False
นิสสันนาวาร่าตัวแรกเท่าไหร่ครับ,neu,q,0.85,False
คือกูไม่เคยใช้พวกนี้เลย กูใชันีเวีย ช้าแต่ชัวถึงกูไม่ขาวแต่กูเนียน,neu,pos,0.699,False
โหยหามากเวอร์จร้า,neu,pos,0.669,False
บรัยยยยบาร์บีก้อน,neu,neg,0.965,False
ทีมงานต้องขออภัยเป็นอย่างยิ่งครับ เนื่องจากรถยนต์รุ่นดังกล่าวได้รับความนิยมและมียอดการสั่งจองค่อนข้างมาก จึงทำให้อาจเกิดความล่าช้าในการส่งมอบ ทั้งนี้ ทาง MG กำลังดำเนินการอย่างเร็วที่สุด เพื่อตอบสนองทุกความต้องการของทุกท่านครับ,neg,neu,0.973,False
อสุรกายพันธ์ดุของค่ายนิสสัน รถในฝันกุแล เพียงความฝันก็สุขใจ,neu,pos,0.723,False
ขอให้เจริญๆๆๆไม่ใช่เจริญเบียร์ช้างนะ,neu,neg,0.505,False
ไปกินลีโอสด บ่ 555,pos,neu,0.561,False
การเตรียมตัวรับมือกับช่วงสงกรานต์และต่อด้วยทริปเที่ยวทะเลแบบกล้าท้าแดด นอกจากอุปกรณ์กันแดดพวกแว่นตา หมวก ต้องครบ สิ่งสำคัญที่สุดคือครีมกันแดดทั้งแบบทาหน้าและทาตัวต้องเลือกให้เหมาะกับสภาพผิวและกิจกรรมของเราคือต้องกันน้ำได้ มีค่า SPF 50+ ป้องกันได้ทั้ง UVB+UVA เราเลือกใช้ Eucerin เพราะมั่นใจประสิทธิภาพ เพียงเท่านี้ก็สนุกสุดเหวี่ยงในช่วงเวลาแห่งความสุขวันหยุดยาวแบบนี้แล้วคะ,pos,neu,0.739,False
ไกลมว๊าก555,neu,neg,0.681,False
แคปติว่า อีโคสปอร์ต,neu,neg,0.602,False
หมดล่ะไวมาก,neu,pos,0.434,False
ชีพี เบียร์ ช้าง-สิง กระแดง เช็นทรัล AIS รวมกันก็1400 ล้านแล้วคับ น้ำใจงามมากเลย,neu,pos,0.909,False
Mazda 3 2.0S ดาวน์ 3 แสน ผ่อน 7 ปี ผ่อนเดือนละเท่าไหร่ครับ,neu,q,0.745,False
ผมก็ว่ายจะุเอารถ Ford Focus ผมไปปลูกผักซ่อมหมดแสนกว่าแร้ว,neg,neu,0.648,False
พรประภาทิ้งนิสสันลุยอสังหา ดีลเลอร์รถยนต์ถอดใจเลิกขาย,neu,neg,0.671,False
1. ใช้ทั้งไพร์มเมอร์และคอนซีลเลอร์ 2.ลงไพร์มเมอร์ก่อนแล้วค่อยลงคอนซีลเลอร์ค่ะ 3.ใช้ของลอร่า สลับกับ kma ค่ะ ทั้สองอันใช้ดี เวลาแต่งหน้าแล้วทำให้ติดทนดีจ้า,neu,pos,0.889,False
เย้เย้~~,neu,pos,0.738,False
พรุ่งนี้เที่ยงเป็นไง ว่างป่าว,neu,pos,0.686,False
037/น้องไทม์ อยากกิน LEO,neu,pos,0.552,False
ชีวาส แบล็ค ชื่อนี้ ข้างกิมหย่ง ใกล้สถานีรถไฟ ท่านรู้จักมั๋ย ตร.หาดใหญ่ แปลกคน อื่นรู้จักหมดว่าขาย เหล้า บุหรี่หนีภาษี แต่ ตร.หาดใหญ่ ไม่รู้จัก,neu,neg,0.708,False
Hot potมีมั้ยค่ะ,neu,q,0.838,False
แม่อยากกินนานาลี อืม แม่อยากกินบาบีก้อน อืม แม่อยากกินเอมเคด้วย อืม แม่หิวข้าวอะ อืม กินสิ ไม่ได้ สองทุ่มแล้ว เดี๋ยวอ้วน อืม #คนเย็นชา,neg,neu,0.435,False
เอาอีกสักรอบเลยครับลงชื้อ,neu,pos,0.725,False
จิ๋ว เชียงราย - ต๋อง มัตซูชิ รอบ 16 คน ระบบ 5/9 เฟรม 'SangSom 6 Red Open Grand Final 2017' @ Terminal 21 Korat,pos,neu,0.988,False
จะพาไปกินหยอออ? :3,pos,neu,0.498,False
อ้าวทำไมปิดแง่ๆ,neg,neu,0.652,False
ขอเป็นเพื่อนร่วมทางอีกคันนะคะรักมิตซูAttrage ค่ะ,neu,pos,0.906,False
ที่ บาบิก้อนไง 💙,neu,pos,0.602,False
นโยบายของพรรคต่างๆ เพราะความเป็นคนรุนใหม่ นโยบายของพรรค #อนาคตใหม่ และพรรค #ไทยรักษาชาติ #ดีออก เหมาะกับทิศทางของโลกและเศรษฐกิจยุคใหม่ น่าสนับสนุน ส่วนพรรค #ประชาธิปัตย์ ยังเน้นผลการเมือง กับพรรค #เพื่อไทย นี่เหมือนเจ๊จะไม่ได้คิดอะไรมา #เลือกตั้ง62,neu,pos,0.465,False
ว่าด้วยเรื่องแดก,pos,neu,0.647,False
รอตังค์ก่อนนะ,neu,pos,0.513,False
ต้องโดนไอ้สัสนี่,neg,pos,0.571,False
สวยทุกสีโดนทุกคันครับ ส่วนเติ้ลธนพลก็หล่อได้ใจครับ #ToyotaBuzz #เติ้ลธนพล,neu,pos,0.867,False
"เป็ดย่างโฟร์ซีซั่นตัวละ 1,200 ค่ะ #พูดลอยๆ #FYI",pos,neu,0.816,False
มีคนกินเบียร์ใส่น้ำแข็งด้วยเหรอ จริงดิ?????,neu,neg,0.957,False
กฎหมายโบราณไม่ปรับตามยุคสมัย,neu,neg,0.629,False
ไทยแลนด์ ไทยแลนด์ ไทยแลนด์,neg,neu,0.785,False
บ่แซบ,neu,neg,0.981,False
ดู๊ว์ๆๆๆๆๆๆๆ,neu,pos,0.679,False
เปลี่ยนจากกินช้างมากินลีโอ55,pos,neu,0.656,False
มี ออนิว ดีแมก 4 ประตูป่าวคับ,neu,q,0.648,False
ไปไหนอีก,neu,pos,0.619,False
Ford Ranger Wildtrak X ตัวท็อปแต่งเข้ม สเต็ปแต่งสไตล์ผู้ดีอังกฤษ ที่คนไทยได้แต่มอง,pos,neu,0.494,False
ผมเห็นเบียร์ช้างแล้วนึกถึงเพื่อนพี่ที่ดีที่สุดทุกที,pos,neu,0.552,False
ซื้อลีโอมากิน,pos,neu,0.733,False
อยากขับattrage เลย,neu,pos,0.67,False
แต่บ่ได้ไป,neg,neu,0.518,False
ตั้งใจหรือไม่ตั้งใจก็ต้องรับผิดชอบไห้เขาไม่ใช่ปัเความรับผิดชอบแบบม้าๆ.รีโว่ยังเปนรถใหม่ยุเลยแต่เสือกไม่ทำประกัน,neu,neg,0.94,False
จัดไหม,neu,pos,0.781,False
นอกจากที่ยืนปัสสวะสำหรับผู้หญิงแล้ว เราก็ยังจับได้ u beer 1 ลัง ขอขอบพระคุณบ้านงานเป็นอย่างสูง #ไม่คิดไม่ฝันว่าจะได้รางวัลใหญ่กับเค้า #ไม่เคยมีดวงทางด้านนี้ #เค้าท์หลอกดาวน์ #รัชบาร์32,neg,pos,0.558,False
ต้องอัดฉีดแสงโสมหนาอ้ายดรีม 555,pos,neu,0.698,False
ตัวไ,neu,pos,0.531,False
ที่นั้นไม่มีแมคสินะ,neu,neg,0.571,False
ทีมนึงเบียร์ช้าง อีกทีมก็ลีโอ เมาเละเลยงานนี้หน้าสนามแมร่งตั้งเต๊นท์ขายเบียร์กันแระ สาสสส,neu,neg,0.933,False
วันนร้มีโปรบ้างอ่ะ,neu,q,0.774,False
ไปด้วยมพุ่งนี้ บ่ ไปสาวๆๆๆ.,neu,pos,0.882,False
เย็นย่ำก็ร่ำสุรา ขอบคุณครับแอด ตอนนี้ก็ช่วยกันทำเพจกับแอดบู(แอดแมว) กฤตนัย ครองสิงห์ เจตนารมณ์ของผมก็ต้องการสร้างสังคมนักดื่มที่ดื่มกันอย่างรับผิดชอบแทนที่จะมาห้ามหรือมารณรงค์อะไรแบบนั้น ก็ปลูกฝังกันผ่านรีวิวเหล้านี่ล่ะครับ,pos,neu,0.583,False
จัดเลยจร้า,neu,pos,0.803,False
สนามบินที่มิลานโนอิตาลี ราคาไม่เป็นแพงราคาก็เหมือนข้างนอกเพราเรากินแมคโดนัท ดูราคาแล้วเท่ากัน,neu,neg,0.986,False
จัดจ้านในย่านป้อมปราบศัตรูพ่าย @ Ba hao 八號,pos,neu,0.739,False
อยากกินซื่อครับ,neu,pos,0.943,False
บีทีเอสแจ้งรถไฟฟ้าขัดข้องที่สถานีพร้อมพงษ์ หลังโซเชี่ยลถล่มแจ้งข่าวรถไฟฟ้าให้บริการปกติ แต่ผู้โดยสารแน่นสถานี จนล่าสุดกระทรวงคมนาคมตรวจสอบพบมีปัญหาขบวนรถขัดข้อง,neu,neg,0.577,False
#เลื่อนแม่มึงสิ รบ. ต้องออก พรฎ.ให้มีการเลือกตั้งก่อน กกต.ถึงจะไปกำหนดวันเลือกตั้งได้ ที่ยื้อเลื่อน ทั้งหมดนี่ เป็นเรื่องของรัฐบาลล้วนๆ,neu,neg,0.865,False
คิดถึงนะ555,neu,pos,0.536,False
SKII La mer ใช้ชุดเป็นหมื่น,neu,neg,0.847,False
นั่นดิ้ รึวันศุกร์นี้เบาะ จะทัน5โมงไหมอะ,neu,pos,0.628,False
บิ๊กซีสะพานควายมีไหมค่ะ,neu,q,0.916,False
นังหนุ😘😘,neu,pos,0.606,False
จะพาเมียไปเลี้ยงหรา🤣,neu,pos,0.537,False
หิวโว้ยยย ตายซะ,neu,pos,0.72,False
ยาริสตัวใหม่ไม่ล็อกเอง ลืมล็อกประจำ ที่สำคัญมือใหม่อยู่เลย,neu,neg,0.833,False
มาตามคำสั่ง ยังกะรู้ว่ามีคนบ่น,neu,neg,0.733,False
เลี้ยงก่อนก้ได้55+,neu,pos,0.502,False
ผมอยากไห้ประเทศไทยปลอดบุรี,neg,pos,0.65,False
เชฟตุ๊ก คนเดิม ถึงจะเทียบเซกเมนท์เดียวกัน มาสด้าก็แคบกว่าเขาครับ มันเป็นแนวทางพัฒนาของเขา cx-3 vs hr-v ก็เช่นกัน คนที่เลือกเขาไม่แคร์จุดนี้,neg,neu,0.492,False
ไม่รู้คะ,neg,pos,0.476,False
หรือชัยนาทมีป่าวหว่า,pos,q,0.927,False
งั้นวันพุธ 555,neu,pos,0.583,False
อด 555 มันต้องใช้บัตรเครดิตจ่สยถึงจะได้กินเปิดในราคา108,pos,neg,0.743,False
ผอมมม,neg,neu,0.677,False
สนใจ honda city v+ มีเซล์แถวชลบุรีไหม,neu,q,0.496,False
กินเหล้าขาวหนักกว่า285 เด้อ 5555,neu,neg,0.808,False
มิซูมินี่เคยใช้แต่คลีนเซอร์อยากลองกันแดดบ้าง,pos,q,0.554,False
นับวันยิ่งบัดสบขึ้นทุกวัน,neu,neg,0.962,False
ชอบHonda City ที่สุดเลยครับมีไฟ Daytime ตั้งแต่รุ่นมาตรฐานเลยชอบที่สุดคับ ยี่ห้ออื่นต้องราคาแพงๆขึ้นไป,neu,pos,0.93,False
เอาๆฟฟ,neu,pos,0.678,False
555 รอ,neu,pos,0.503,False
อันนี้ก้น่าสน,neu,pos,0.814,False
ขอแทรกเวลาได้หมูแบบนี้ก็จะตบกับอิเกม เพื่อแย่งกันกิน 'มันเปลว' ไขมันอันน้อยนิดที่มี 55555555,neu,neg,0.69,False
ถ้า vape แล้วปอดชื้น คนที่อาศัยอยู่เขาบนดอย ที่มีหมอกไอน้ำตลอดเวลาก็คงแย่กันหมดแล้วครับ,neu,neg,0.724,False
ถ้าใด้ตังก่อน อาจจะจัดก่อนเนอะ 😁,neu,pos,0.689,False
ไป!ไปนอน,neu,pos,0.882,False
โตโยต้าขายรถทั่วโลก โตโยต้าไม่ซี 55555555 ก็จริงนะ เจ้าของโตโยต้าเขารวยมาก ๆ แล้ว แต่เธอเป็นเซลล์ขายโตโยต้าในไทย เธอต้องซีนะ ถ้าโตโยต้าขายในไทยได้ไม่ดีอ่ะ เธอจะเอาเงินไหนใช้,neg,neu,0.652,False
บ่อยาก,neg,neu,0.487,False
ขั้นต่ำสูงจังครับ ขอบคุณครับ,neg,pos,0.949,False
เบียร์ช้างผสมกาโตะสตอเบอรี่ ก็โอยุน้า,neg,pos,0.817,False
อยากได้ ZS แต่ขับมาสด้า2 ปี2016 อยู่ เอาไปเทรินได้ไหมครับ,neu,q,0.892,False
ก็น่าไปนะ,neu,pos,0.611,False
ลด 20% จาก ราคา 299 ใช่หรือไม่ ครับ,pos,q,0.511,False
ความญี่ปุ๊นญี่ปุ่นคือเขาออก Product ออกมาตอบสนองทุกความต้องการได้ อย่างตอนนี้ญี่ปุ่นเป็นสังคมผู้สูงอายุ บริษัทเครื่องเขียนชื่อ Kokuyo เลยทำชุดพินัยกรรมสำเร็จรูปพร้อมคู่มือแบบเข้าใจง่าย และยังมีสมุดบันทึกข้อมูลสำคัญ บัญชีธนาคาร รหัสผ่านต่างๆ เผื่อตายไปคนอื่นจะได้ช่วยจัดการต่อได้,pos,neu,0.722,False
ผมไปซื้อรถฟอร์ดครับ จะเอาตัวสี่ประตู4wd. ราคา919000ก็ซื้อผ่อนนั่นแหล่ะครับ เซลบอกว่าเลิกผลิตแล้ว เซลบอกว่าพี่ไม่ใด้งานหนักxltก็พอ ผมไม่เอา แต่เมียบอกว่า4wdเขาไม่ผลิตแล้ว จำใจตามใจเมีย เมียจะเอาสีขาว ผ่านไปสามวันเซลบอกสีขาวไม่มี หาใด้แต่สีดำ จำใจอีก ก็ต้องเอา มาหลังปีใหม่เจอเซลฟอร์ดที่บิ๊กซีถามเค้าว่าฟอร์ดเลิกผลิตแล้วเหรอตัว4wd919000 เซลบอกไม่ใด้ยกเลิกถ้ายกเลิกเขาก็จะแจ้งมา นี่ลูกค้าจองตัวนี้หลายคน ผมโคตรมึนเลยตอนนั้น..เลยโทรไปที่สำนักงานใหญ่ฟอร์ดๆก็บอกว่าไม่ใด้ยกเลิกผลิตแต่อย่างใด และก็คงรับผิดชอบอะไรไม่ใด้.ตอนซื้อไม่ดูให้ดีๆ..555เศร้าเล่าสู่กันฟังเฉยๆนะ..,neu,neg,0.928,False
คนนี้คอนเฟิร์มว่าดีมาก ทั้งรุ่น long และ volume คือ maybelineที่ว่าแน่ยังตอนแพ้นางนาจา,neg,pos,0.679,False
อ้วนนนนนพนไปกินป๊าวๆๆๆ,neu,pos,0.705,False
แสงโสมเพียวแฮงๆๆๆ แช่อี้แน่,neg,neu,0.69,False
ใหญ่แต่ไม่มีเนื้อ 😂😂,neu,neg,0.857,False
ผู้เสพ ผิดหรอครับ???,neu,neg,0.634,False
ผมสูบอยู่มาเลให้พี่ชายไปตัวนึงที่เมืองไทยเห็นข่าวนี้แล้วเป็นห่วงเลยเยอะไปว่ะ,neu,neg,0.6,False
คิดว่า อั้มใช้ มิสทีนจริงๆไหม,neu,q,0.673,False
เค้ายุเซนนิ55,pos,neu,0.769,False
มื้ออื่นเนอะ,neu,pos,0.754,False
หมดเกลี้ยง,pos,neg,0.479,False
ตอนนี้ไม่ห่วงทักษิณหรอกคับ เพราะคงไม่ได้กลับมาแล้วทั้งพี่น้อง ห่วงแต่นายทุนใหญ่ cp เบียร์ช้าง ธุรกิจในมือ2คนนี้ ทุกอย่างผูกขาดประเทศแล้วว ทหารก็อุ้ม เพราะต้องพึ่งพา เงินคนพวกนี้ เอื้อประโยชน์กัน เงินไม่ถึงรากหญ้า เฮ้ออ ...,neu,neg,0.893,False
ผักล้วนๆ 😁😁,pos,neu,0.682,False
โรบินสัน แม่สอด ไม่ร่วมรายการหรอค่ะ,neu,q,0.719,False
สนมะ,neu,pos,0.803,False
ผมกินทุกวัน วันละแบน ไม่ค้างคับ แต่ถ้าเกินแบนไป ก้อเอาเรื่อง 555,neu,neg,0.573,False
ถ้าผมบริหารโรงงานยาสูบไทยนะ ตอน E-Cig กำลังมาผมนี่รีบทุ่มเงินวิจัยเลย ทำ E-Cig ของในประเทศ ไม่เสียภาษีนำเข้า ทำกลิ่นเฉพาะที่คนไทยคุ้นเคยและแปลกใหม่ไม่เหมือนประเทศอื่น กลิ่นตะไคร้ แล้วโฆษณาว่าช่วยไล่ยุงได้ กลิ่นการบูร หรือทำกลิ่นแปลกๆแบบกลิ่นผัดไท กลิ่นต้มยำ เอาแม่งให้หมดอะ 555,neu,neg,0.653,False
ยังกะ เหล้าตระกูลจอห์นนี่ วอคเกอร์ เลยหวะ เรด แบล๊ค กรีน โกลด์ บลู สงสัยเจ้าของไอเดีย คงชอบกินเหล้าตระกูลนี้,pos,neu,0.557,False
เอาเวลาไปจับยาบ้าเหอะคับ ทำเหมือนเขาขนยาบ้ามาเต็มคันรถโถ่เอ่ยตำรวจไทยดักดานจิงๆ,neu,neg,0.972,False
ถ้าเจอแต่น้ำยามีความผิดไหมครับ👈👈😀😀😀,neu,neg,0.559,False
สด ณรงค์. อยากกิน,neu,pos,0.832,False
พี่ดีแม็กตัวเตี้ยจะทำให้สูงใกล้เคียงกับไฮแลนเดอได้ป่าวคับ,neu,q,0.642,False
เบียร์สิงห์ขวดเล็กขวดเดียวสามารถทำให้กูนอนทั้งวันได้,neg,pos,0.457,False
นั้นนะ,neu,pos,0.615,False
แบมอยากกินฮอตพอทชะ,neu,pos,0.781,False
🙌🙌🙌🙌🙌,pos,neu,0.574,False
ถ้าดาวน์แสนนึงละคะ งวดจะตกที่เท่าไหร่,neu,q,0.902,False
Tom Fordก็ทำLiquid lipstick แล้วววว #Goodbyesalary😂,pos,neu,0.886,False
อยากแดกฮอพพอต เอ็มเคก็ได้สัส หิว,neu,pos,0.487,False
โปรเฉพาะแค่6ชิ้นหรอ ไปซื้อมาจะซื้อ10ชิ้น พนง.บอกไม่ร่วมรายการ แถมหน้าเหวี่ยงไปอี้ก 😏,neu,neg,0.992,False
ขายรถโตโยต้าป้ายแดงทุกรุ่น ดาวน์น้อย อนุมัติง่ายมากๆ,neu,pos,0.539,False
รักที่สุดเลย honda civic ขับรถสบาย ขับง่าย ดีไซน์สวย ขับทำงานขับเที่ยว ก็คันนี้เลย ก็ใจมันรักจนขาดไม่ได้ ขับไปดูหนังกันต่อ555 Noo Arada #ฮอนด้าที่รัก #EnjoyHondaThailand,neu,pos,0.896,False
รักพี่ปาล์มที่ซู๊ดดดดดดดด😘😘😘,neu,pos,0.759,False
คุณภาพต้องยกให้โตโยต้าแหละครับทุกๆด้านเหนือกว่าทุกค่าย..แต่ถ้าพูดถึงรูปลักษณ์..วีโก้ก่อนจะเปลี่ยนเป็นรีโว้ตัวนั้นถูกใจผมสุดๆ,neg,pos,0.817,False
ไม่มีตังง่า,neu,neg,0.806,False
"Elasgrow ช่วยปรับโครงสร้างผิวให้กระชับมาจากภายใน, 3D Hyaluronic Acids ทำหน้าที่สร้างตาข่ายล็อคความชุ่มชื่นล้ำลึกได้อย่างยาวนาน ซึ่งทั้ง 2 ส่วนประกอบจะร่วมกันซ่อมผิวแก่ให้ดูอ่อนเยาว์ได้ หลังการบำรุงด้วย Hada Labo Anti-Aging Lotion เป็นประจำนะคะ #HadaLaboAntiAgingLotion #1stStepAntiAging #โลชั่นซ่อมผิวแก่",pos,neu,0.965,False
แท้กตัวเองวนไป เพราะไม่มีใครคบล่ะกู หมูกะทะ ชาบู เอ็มเค แม่งแดกคนเดียวไป,neu,neg,0.894,False
เอาไงดี 55555,neu,pos,0.65,False
อู๊ยยยยยยยย ><)/,neu,pos,0.785,False
>> รับประกันความแรงและความพึ่งพอใจ >> เทสกันสดๆ ด้วยโปรแกรมแรงสุด (ไม่ต้องกลัวไฟไม่โชร์แน่นอน) >> คุณภาพดีต้อง DTE Chiptuning No.1,neu,pos,0.776,False
อยากให้เข้านะ อยากใช้รถที่ทนทาน แต่ไม่ใหญ่ขนาดฟอจูนเนอร์,neu,pos,0.387,False
ค้างไปแล้ว ครับ,neu,neg,0.878,False
พรุ่งนี้เลยหรอ555,neu,pos,0.75,False
ก้อกยังไหลไม่หยุดเลย,neu,pos,0.393,False
ไม่ซื้อรถมิตซูบิชิ,neg,pos,0.551,False
โห้ ไม่เคยเจอฟอร์จูน crv pajero ตามหลังเลยหรา,neg,neu,0.671,False
หิววว บาบีก้อนก็อยากกก,neu,pos,0.893,False
เห็นได้ชัดว่า ตุลาการทั้ง 5 คนเป็นคนของ #คสช. แต่งตั้งโดย #คสช. มาตัดสินคดีเกี่ยวกับพรรคการเมืองที่อยู่ตรงข้ามกับ #คสช. มันจะไม่เป็น conflict of interest หรือ อย่างน้อยสุด ทั้ง 5 คนต้องถอนตัว recuse จากการเป็นองค์คณะในคดีนี้,neg,neu,0.617,False
ออเจ้านี่วาจาพิกลพิการ ถามมาได้ ไปสิคะรอไร,neu,neg,0.852,False
มีเซนทรัลที่ไหนร่วมมั้งคับ,neu,q,0.813,False
ยกยอดให้ซีวิคไปเลย สบายๆไ,neu,pos,0.696,False
เห็นกระป๋องเบียร์ลีโอด้วย เค้าไม่อนุญาต ให้ดื่มนะมึง,neu,neg,0.608,False
ซื้อให้ไอ้อ้วน,pos,neu,0.543,False
ใช่ครับวีโก้แชมป์สวยกว่ารีโว่,neu,neg,0.639,False
เชียงรายเจ้าค่ะ😂,pos,neu,0.851,False
ขอบคุนคะ,neu,pos,0.913,False
สักวันเถอะ,pos,neu,0.832,False
ป๋องดำซื้อที่ไหนครับบบ แถวบ้านผมหายากมากกกกกก,neu,q,0.441,False
ไปวันไหนได้ละจ่ะ,neu,pos,0.871,False
วันศุกร์เย้ 5555,neu,pos,0.551,False
อ่อย,neu,pos,0.55,False
ปกติไม่กินช้างนะ แต่จะลองดู ริเริ่ม นุ้ย แล้วไงว่ะ,neu,pos,0.482,False
กูคุมงานปูกระเบื้องพื้นค่าจ้างหมื่นกว่าบาท ผู้รับจ้างจะให้เหล้าหงษ์ทองกูขวดนึงเป็นเป็นน้ำใจที่จ้างเขา กูยังไม่กล้ารับเลยกูกลัวส.ต.ง.ตรวจสอบ,neu,neg,0.937,False
ฝากด้วย...ยุดยาเหมือนกัน,pos,neu,0.788,False
เพราะเห็นรุ่นน้องใช่แล้วเห็นว่าดี พี่เลยซื้อมาใช่บ้าง แล้วทาง Snailwhite Gold เห็นว่าพี่แป้งใช่เลยให้พี่มาเป็นพีเซ็นเตอร์นี้,pos,neu,0.911,False
จัดสิค่ะ บาร์บีก้อน,neu,pos,0.932,False
